# Blender 5.2.0 LTS
# www.blender.org
mtllib chair.mtl
o Seat_Plank_1
v -1.065000 1.710000 0.936000
v -1.065000 1.745000 0.971000
v -1.100000 1.745000 0.936000
v -1.065000 1.714676 0.953477
v -1.082477 1.714676 0.936000
v -1.081737 1.719218 0.952737
v -1.082477 1.745000 0.966324
v -1.065000 1.727523 0.966324
v -1.081737 1.728263 0.961782
v -1.095324 1.727523 0.936000
v -1.095324 1.745000 0.953477
v -1.090782 1.728263 0.952737
v -1.065000 1.895000 0.971000
v -1.065000 1.930000 0.936000
v -1.100000 1.895000 0.936000
v -1.065000 1.912477 0.966324
v -1.082477 1.895000 0.966324
v -1.081737 1.911737 0.961782
v -1.082477 1.925324 0.936000
v -1.065000 1.925324 0.953477
v -1.081737 1.920782 0.952737
v -1.095324 1.895000 0.953477
v -1.095324 1.912477 0.936000
v -1.090782 1.911737 0.952737
v -1.065000 1.710000 0.531000
v -1.100000 1.745000 0.531000
v -1.065000 1.745000 0.496000
v -1.082477 1.714676 0.531000
v -1.065000 1.714676 0.513523
v -1.081737 1.719218 0.514263
v -1.095324 1.745000 0.513523
v -1.095324 1.727523 0.531000
v -1.090782 1.728263 0.514263
v -1.065000 1.727523 0.500676
v -1.082477 1.745000 0.500676
v -1.081737 1.728263 0.505218
v -1.065000 1.930000 0.531000
v -1.065000 1.895000 0.496000
v -1.100000 1.895000 0.531000
v -1.065000 1.925324 0.513523
v -1.082477 1.925324 0.531000
v -1.081737 1.920782 0.514263
v -1.082477 1.895000 0.500676
v -1.065000 1.912477 0.500676
v -1.081737 1.911737 0.505218
v -1.095324 1.912477 0.531000
v -1.095324 1.895000 0.513523
v -1.090782 1.911737 0.514263
v 1.065000 1.710000 0.936000
v 1.100000 1.745000 0.936000
v 1.065000 1.745000 0.971000
v 1.082477 1.714676 0.936000
v 1.065000 1.714676 0.953477
v 1.081737 1.719218 0.952737
v 1.095324 1.745000 0.953477
v 1.095324 1.727523 0.936000
v 1.090782 1.728263 0.952737
v 1.065000 1.727523 0.966324
v 1.082477 1.745000 0.966324
v 1.081737 1.728263 0.961782
v 1.065000 1.930000 0.936000
v 1.065000 1.895000 0.971000
v 1.100000 1.895000 0.936000
v 1.065000 1.925324 0.953477
v 1.082477 1.925324 0.936000
v 1.081737 1.920782 0.952737
v 1.082477 1.895000 0.966324
v 1.065000 1.912477 0.966324
v 1.081737 1.911737 0.961782
v 1.095324 1.912477 0.936000
v 1.095324 1.895000 0.953477
v 1.090782 1.911737 0.952737
v 1.065000 1.710000 0.531000
v 1.065000 1.745000 0.496000
v 1.100000 1.745000 0.531000
v 1.065000 1.714676 0.513523
v 1.082477 1.714676 0.531000
v 1.081737 1.719218 0.514263
v 1.082477 1.745000 0.500676
v 1.065000 1.727523 0.500676
v 1.081737 1.728263 0.505218
v 1.095324 1.727523 0.531000
v 1.095324 1.745000 0.513523
v 1.090782 1.728263 0.514263
v 1.065000 1.930000 0.531000
v 1.100000 1.895000 0.531000
v 1.065000 1.895000 0.496000
v 1.082477 1.925324 0.531000
v 1.065000 1.925324 0.513523
v 1.081737 1.920782 0.514263
v 1.095324 1.895000 0.513523
v 1.095324 1.912477 0.531000
v 1.090782 1.911737 0.514263
v 1.065000 1.912477 0.500676
v 1.082477 1.895000 0.500676
v 1.081737 1.911737 0.505218
vn -0.2566 -0.9318 0.2566
vn -0.2178 -0.6901 0.6901
vn -0.2566 -0.2566 0.9318
vn -0.6901 -0.2178 0.6901
vn -0.9318 -0.2566 0.2566
vn -0.6901 -0.6901 0.2178
vn -0.5773 -0.5773 0.5774
vn -0.2566 0.2566 0.9318
vn -0.2178 0.6901 0.6901
vn -0.2566 0.9318 0.2566
vn -0.6901 0.6901 0.2178
vn -0.9318 0.2566 0.2566
vn -0.6901 0.2178 0.6901
vn -0.5773 0.5773 0.5774
vn -0.2566 -0.9318 -0.2566
vn -0.6901 -0.6901 -0.2178
vn -0.9318 -0.2566 -0.2566
vn -0.6901 -0.2178 -0.6901
vn -0.2566 -0.2566 -0.9318
vn -0.2178 -0.6901 -0.6901
vn -0.5773 -0.5773 -0.5774
vn -0.2566 0.9318 -0.2566
vn -0.2178 0.6901 -0.6901
vn -0.2566 0.2566 -0.9318
vn -0.6901 0.2178 -0.6901
vn -0.9318 0.2566 -0.2566
vn -0.6901 0.6901 -0.2178
vn -0.5773 0.5773 -0.5774
vn 0.2566 -0.9318 0.2566
vn 0.6901 -0.6901 0.2178
vn 0.9318 -0.2566 0.2566
vn 0.6901 -0.2178 0.6901
vn 0.2566 -0.2566 0.9318
vn 0.2178 -0.6901 0.6901
vn 0.5773 -0.5773 0.5774
vn 0.2566 0.9318 0.2566
vn 0.2178 0.6901 0.6901
vn 0.2566 0.2566 0.9318
vn 0.6901 0.2178 0.6901
vn 0.9318 0.2566 0.2566
vn 0.6901 0.6901 0.2178
vn 0.5773 0.5773 0.5774
vn 0.2566 -0.9318 -0.2566
vn 0.2178 -0.6901 -0.6901
vn 0.2566 -0.2566 -0.9318
vn 0.6901 -0.2178 -0.6901
vn 0.9318 -0.2566 -0.2566
vn 0.6901 -0.6901 -0.2178
vn 0.5773 -0.5773 -0.5774
vn 0.2566 0.9318 -0.2566
vn 0.6901 0.6901 -0.2178
vn 0.9318 0.2566 -0.2566
vn 0.6901 0.2178 -0.6901
vn 0.2566 0.2566 -0.9318
vn 0.2178 0.6901 -0.6901
vn 0.5773 0.5773 -0.5774
vn -0.2585 -0.9660 -0.0000
vn -0.7071 -0.7071 -0.0000
vn -0.9660 -0.2585 -0.0000
vn -0.2585 -0.0000 0.9660
vn -0.7071 -0.0000 0.7071
vn -0.9660 -0.0000 0.2584
vn -0.2585 0.9660 -0.0000
vn -0.7071 0.7071 -0.0000
vn -0.9660 0.2585 -0.0000
vn -0.2585 -0.0000 -0.9660
vn -0.7071 -0.0000 -0.7071
vn -0.9660 -0.0000 -0.2584
vn -0.0000 -0.9660 -0.2585
vn -0.0000 -0.7071 -0.7071
vn -0.0000 -0.2585 -0.9660
vn -0.0000 0.9660 -0.2585
vn -0.0000 0.7071 -0.7071
vn -0.0000 0.2585 -0.9660
vn 0.9660 -0.0000 -0.2584
vn 0.7071 -0.0000 -0.7071
vn 0.2585 -0.0000 -0.9660
vn 0.2585 -0.9660 -0.0000
vn 0.7071 -0.7071 -0.0000
vn 0.9660 -0.2585 -0.0000
vn 0.2585 0.9660 -0.0000
vn 0.7071 0.7071 -0.0000
vn 0.9660 0.2585 -0.0000
vn 0.2585 -0.0000 0.9660
vn 0.7071 -0.0000 0.7071
vn 0.9660 -0.0000 0.2584
vn -0.0000 -0.9660 0.2585
vn -0.0000 -0.7071 0.7071
vn -0.0000 -0.2585 0.9660
vn -0.0000 0.9660 0.2585
vn -0.0000 0.7071 0.7071
vn -0.0000 0.2585 0.9660
vn -0.0000 -1.0000 -0.0000
vn -1.0000 -0.0000 -0.0000
vn -0.0000 -0.0000 1.0000
vn -0.0000 1.0000 -0.0000
vn -0.0000 -0.0000 -1.0000
vn 1.0000 -0.0000 -0.0000
vt 0.013843 0.013843
vt 0.005865 0.013843
vt 0.006202 0.006202
vt 0.013843 0.005865
vt 0.000000 0.013843
vt 0.002073 0.006202
vt 0.438966 0.948120
vt 0.438966 0.955168
vt 0.431326 0.954257
vt 0.430988 0.947516
vt 0.631282 0.000000
vt 0.631282 0.007284
vt 0.623642 0.007021
vt 0.623642 0.001893
vt 0.631282 0.015540
vt 0.623304 0.014936
vt 0.617440 0.013277
vt 0.619513 0.005853
vt 0.507439 0.948120
vt 0.515417 0.947516
vt 0.515080 0.954257
vt 0.507439 0.955168
vt 0.212562 0.986157
vt 0.218426 0.986157
vt 0.218764 0.993798
vt 0.214635 0.993798
vt 0.226404 0.986157
vt 0.226404 0.994135
vt 0.713598 0.013277
vt 0.707733 0.014936
vt 0.707396 0.007021
vt 0.711524 0.005853
vt 0.699755 0.015540
vt 0.699755 0.007284
vt 0.699755 -0.000000
vt 0.707396 0.001893
vt 0.198719 0.013843
vt 0.198719 0.005865
vt 0.206360 0.006202
vt 0.206697 0.013843
vt 0.198719 0.000000
vt 0.206360 0.002073
vt 0.631282 0.192862
vt 0.631282 0.199910
vt 0.623642 0.198999
vt 0.623304 0.192258
vt 0.535124 0.000000
vt 0.535124 0.007284
vt 0.527484 0.007022
vt 0.527484 0.001893
vt 0.535124 0.015540
vt 0.527146 0.014936
vt 0.521282 0.013277
vt 0.523355 0.005853
vt 0.411281 0.986157
vt 0.419259 0.986157
vt 0.418922 0.993798
vt 0.411281 0.994135
vt 0.617440 0.013277
vt 0.611575 0.014936
vt 0.611238 0.007022
vt 0.615366 0.005853
vt 0.603597 0.015540
vt 0.603597 0.007284
vt 0.603597 0.000000
vt 0.611238 0.001893
vt 0.699755 0.192862
vt 0.707733 0.192258
vt 0.707396 0.198999
vt 0.699755 0.199910
vt 0.411281 1.000000
vt 0.418922 0.997927
vt 0.013843 0.986157
vt 0.013843 0.994135
vt 0.006202 0.993798
vt 0.005865 0.986157
vt 0.013843 1.000000
vt 0.006202 0.997927
vt 0.631282 0.392771
vt 0.631282 0.399819
vt 0.623642 0.398909
vt 0.623304 0.392167
vt 0.438966 0.000000
vt 0.438966 0.007284
vt 0.431326 0.007021
vt 0.431326 0.001893
vt 0.438966 0.015540
vt 0.430988 0.014936
vt 0.425124 0.013277
vt 0.427197 0.005853
vt 0.226404 0.013843
vt 0.218426 0.013843
vt 0.218764 0.006202
vt 0.226405 0.005865
vt 0.521282 0.013277
vt 0.515417 0.014936
vt 0.515080 0.007021
vt 0.519208 0.005853
vt 0.507439 0.015540
vt 0.507439 0.007284
vt 0.507439 0.000000
vt 0.515080 0.001893
vt 0.699755 0.392771
vt 0.707733 0.392167
vt 0.707396 0.398909
vt 0.699755 0.399819
vt 0.226405 0.000000
vt 0.218764 0.002073
vt 0.198719 0.986157
vt 0.206697 0.986157
vt 0.206360 0.993798
vt 0.198719 0.994135
vt 0.212562 0.986157
vt 0.210488 0.993798
vt 0.535124 0.948120
vt 0.535124 0.955168
vt 0.527484 0.954257
vt 0.527146 0.947516
vt 0.631282 0.199910
vt 0.631282 0.207194
vt 0.623642 0.206931
vt 0.623642 0.201803
vt 0.631282 0.215450
vt 0.623304 0.214846
vt 0.617440 0.213186
vt 0.619513 0.205763
vt 0.411281 0.013843
vt 0.411281 0.005865
vt 0.418922 0.006202
vt 0.419259 0.013843
vt 0.713598 0.213186
vt 0.707733 0.214846
vt 0.707396 0.206931
vt 0.711524 0.205763
vt 0.699755 0.215450
vt 0.699755 0.207194
vt 0.707396 0.201803
vt 0.603597 0.948120
vt 0.611575 0.947516
vt 0.611238 0.954257
vt 0.603597 0.955168
vt 0.425124 0.013843
vt 0.423050 0.006202
vt 0.013843 0.000000
vt 0.226404 1.000000
vt 0.212562 0.013843
vt 0.425124 0.986157
vt 0.198719 1.000000
vt 0.411281 0.000000
vt 0.000000 0.986157
vt 0.212562 0.013843
s 0
usemtl Light_Stained_Pine
f 1/1/1 4/2/1 6/3/1 5/4/1
f 4/2/2 8/5/2 9/6/2 6/3/2
f 2/7/3 7/8/3 9/9/3 8/10/3
f 7/11/4 11/12/4 12/13/4 9/14/4
f 3/15/5 10/16/5 12/13/5 11/12/5
f 10/16/6 5/17/6 6/18/6 12/13/6
f 6/18/7 9/14/7 12/13/7
f 13/19/8 16/20/8 18/21/8 17/22/8
f 16/23/9 20/24/9 21/25/9 18/26/9
f 14/27/10 19/28/10 21/25/10 20/24/10
f 19/29/11 23/30/11 24/31/11 21/32/11
f 15/33/12 22/34/12 24/31/12 23/30/12
f 22/34/13 17/35/13 18/36/13 24/31/13
f 18/36/14 21/32/14 24/31/14
f 25/37/15 28/38/15 30/39/15 29/40/15
f 28/38/16 32/41/16 33/42/16 30/39/16
f 26/43/17 31/44/17 33/45/17 32/46/17
f 31/47/18 35/48/18 36/49/18 33/50/18
f 27/51/19 34/52/19 36/49/19 35/48/19
f 34/52/20 29/53/20 30/54/20 36/49/20
f 30/54/21 33/50/21 36/49/21
f 37/55/22 40/56/22 42/57/22 41/58/22
f 40/59/23 44/60/23 45/61/23 42/62/23
f 38/63/24 43/64/24 45/61/24 44/60/24
f 43/64/25 47/65/25 48/66/25 45/61/25
f 39/67/26 46/68/26 48/69/26 47/70/26
f 46/71/27 41/58/27 42/57/27 48/72/27
f 42/62/28 45/61/28 48/66/28
f 49/73/29 52/74/29 54/75/29 53/76/29
f 52/74/30 56/77/30 57/78/30 54/75/30
f 50/79/31 55/80/31 57/81/31 56/82/31
f 55/83/32 59/84/32 60/85/32 57/86/32
f 51/87/33 58/88/33 60/85/33 59/84/33
f 58/88/34 53/89/34 54/90/34 60/85/34
f 54/90/35 57/86/35 60/85/35
f 61/91/36 64/92/36 66/93/36 65/94/36
f 64/95/37 68/96/37 69/97/37 66/98/37
f 62/99/38 67/100/38 69/97/38 68/96/38
f 67/100/39 71/101/39 72/102/39 69/97/39
f 63/103/40 70/104/40 72/105/40 71/106/40
f 70/107/41 65/94/41 66/93/41 72/108/41
f 66/98/42 69/97/42 72/102/42
f 73/109/43 76/110/43 78/111/43 77/112/43
f 76/110/44 80/113/44 81/114/44 78/111/44
f 74/115/45 79/116/45 81/117/45 80/118/45
f 79/119/46 83/120/46 84/121/46 81/122/46
f 75/123/47 82/124/47 84/121/47 83/120/47
f 82/124/48 77/125/48 78/126/48 84/121/48
f 78/126/49 81/122/49 84/121/49
f 85/127/50 88/128/50 90/129/50 89/130/50
f 88/131/51 92/132/51 93/133/51 90/134/51
f 86/135/52 91/136/52 93/133/52 92/132/52
f 91/136/53 95/70/53 96/137/53 93/133/53
f 87/138/54 94/139/54 96/140/54 95/141/54
f 94/142/55 89/130/55 90/129/55 96/143/55
f 90/134/56 93/133/56 96/137/56
f 25/37/57 1/1/57 5/4/57 28/38/57
f 28/38/58 5/4/58 10/144/58 32/41/58
f 32/46/59 10/16/59 3/15/59 26/43/59
f 2/7/60 13/19/60 17/22/60 7/8/60
f 7/11/61 17/35/61 22/34/61 11/12/61
f 11/12/62 22/34/62 15/33/62 3/15/62
f 14/27/63 37/55/63 41/58/63 19/28/63
f 19/28/64 41/58/64 46/71/64 23/145/64
f 23/30/65 46/68/65 39/67/65 15/33/65
f 38/63/66 27/51/66 35/48/66 43/64/66
f 43/64/67 35/48/67 31/47/67 47/65/67
f 47/70/68 31/44/68 26/43/68 39/67/68
f 73/109/69 25/37/69 29/40/69 76/110/69
f 76/110/70 29/40/70 34/146/70 80/113/70
f 80/118/71 34/52/71 27/51/71 74/115/71
f 37/55/72 85/127/72 89/130/72 40/56/72
f 40/56/73 89/130/73 94/142/73 44/147/73
f 44/60/74 94/139/74 87/138/74 38/63/74
f 86/135/75 75/123/75 83/120/75 91/136/75
f 91/136/76 83/120/76 79/119/76 95/70/76
f 95/141/77 79/116/77 74/115/77 87/138/77
f 49/73/78 73/109/78 77/112/78 52/74/78
f 52/74/79 77/112/79 82/148/79 56/77/79
f 56/82/80 82/124/80 75/123/80 50/79/80
f 85/127/81 61/91/81 65/94/81 88/128/81
f 88/128/82 65/94/82 70/107/82 92/149/82
f 92/132/83 70/104/83 63/103/83 86/135/83
f 62/99/84 51/87/84 59/84/84 67/100/84
f 67/100/85 59/84/85 55/83/85 71/101/85
f 71/106/86 55/80/86 50/79/86 63/103/86
f 1/1/87 49/73/87 53/76/87 4/2/87
f 4/2/88 53/76/88 58/150/88 8/5/88
f 8/10/89 58/88/89 51/87/89 2/7/89
f 61/91/90 14/27/90 20/24/90 64/92/90
f 64/92/91 20/24/91 16/23/91 68/151/91
f 68/96/92 16/20/92 13/19/92 62/99/92
f 25/37/93 73/109/93 49/73/93 1/1/93
f 3/15/94 15/33/94 39/67/94 26/43/94
f 51/87/95 62/99/95 13/19/95 2/7/95
f 85/127/96 37/55/96 14/27/96 61/91/96
f 27/51/97 38/63/97 87/138/97 74/115/97
f 75/123/98 86/135/98 63/103/98 50/79/98
o Seat_Plank_2
v -1.065000 1.710000 0.447000
v -1.065000 1.745000 0.482000
v -1.100000 1.745000 0.447000
v -1.065000 1.714676 0.464477
v -1.082477 1.714676 0.447000
v -1.081737 1.719218 0.463737
v -1.082477 1.745000 0.477324
v -1.065000 1.727523 0.477324
v -1.081737 1.728263 0.472782
v -1.095324 1.727523 0.447000
v -1.095324 1.745000 0.464477
v -1.090782 1.728263 0.463737
v -1.065000 1.895000 0.482000
v -1.065000 1.930000 0.447000
v -1.100000 1.895000 0.447000
v -1.065000 1.912477 0.477324
v -1.082477 1.895000 0.477324
v -1.081737 1.911737 0.472782
v -1.082477 1.925324 0.447000
v -1.065000 1.925324 0.464477
v -1.081737 1.920782 0.463737
v -1.095324 1.895000 0.464477
v -1.095324 1.912477 0.447000
v -1.090782 1.911737 0.463737
v -1.065000 1.710000 0.042000
v -1.100000 1.745000 0.042000
v -1.065000 1.745000 0.007000
v -1.082477 1.714676 0.042000
v -1.065000 1.714676 0.024523
v -1.081737 1.719218 0.025263
v -1.095324 1.745000 0.024523
v -1.095324 1.727523 0.042000
v -1.090782 1.728263 0.025263
v -1.065000 1.727523 0.011676
v -1.082477 1.745000 0.011676
v -1.081737 1.728263 0.016218
v -1.065000 1.930000 0.042000
v -1.065000 1.895000 0.007000
v -1.100000 1.895000 0.042000
v -1.065000 1.925324 0.024523
v -1.082477 1.925324 0.042000
v -1.081737 1.920782 0.025263
v -1.082477 1.895000 0.011676
v -1.065000 1.912477 0.011676
v -1.081737 1.911737 0.016218
v -1.095324 1.912477 0.042000
v -1.095324 1.895000 0.024523
v -1.090782 1.911737 0.025263
v 1.065000 1.710000 0.447000
v 1.100000 1.745000 0.447000
v 1.065000 1.745000 0.482000
v 1.082477 1.714676 0.447000
v 1.065000 1.714676 0.464477
v 1.081737 1.719218 0.463737
v 1.095324 1.745000 0.464477
v 1.095324 1.727523 0.447000
v 1.090782 1.728263 0.463737
v 1.065000 1.727523 0.477324
v 1.082477 1.745000 0.477324
v 1.081737 1.728263 0.472782
v 1.065000 1.930000 0.447000
v 1.065000 1.895000 0.482000
v 1.100000 1.895000 0.447000
v 1.065000 1.925324 0.464477
v 1.082477 1.925324 0.447000
v 1.081737 1.920782 0.463737
v 1.082477 1.895000 0.477324
v 1.065000 1.912477 0.477324
v 1.081737 1.911737 0.472782
v 1.095324 1.912477 0.447000
v 1.095324 1.895000 0.464477
v 1.090782 1.911737 0.463737
v 1.065000 1.710000 0.042000
v 1.065000 1.745000 0.007000
v 1.100000 1.745000 0.042000
v 1.065000 1.714676 0.024523
v 1.082477 1.714676 0.042000
v 1.081737 1.719218 0.025263
v 1.082477 1.745000 0.011676
v 1.065000 1.727523 0.011676
v 1.081737 1.728263 0.016218
v 1.095324 1.727523 0.042000
v 1.095324 1.745000 0.024523
v 1.090782 1.728263 0.025263
v 1.065000 1.930000 0.042000
v 1.100000 1.895000 0.042000
v 1.065000 1.895000 0.007000
v 1.082477 1.925324 0.042000
v 1.065000 1.925324 0.024523
v 1.081737 1.920782 0.025263
v 1.095324 1.895000 0.024523
v 1.095324 1.912477 0.042000
v 1.090782 1.911737 0.025263
v 1.065000 1.912477 0.011676
v 1.082477 1.895000 0.011676
v 1.081737 1.911737 0.016218
vn -0.2566 -0.9318 0.2566
vn -0.2178 -0.6901 0.6901
vn -0.2566 -0.2566 0.9318
vn -0.6901 -0.2178 0.6901
vn -0.9318 -0.2566 0.2566
vn -0.6901 -0.6901 0.2178
vn -0.5773 -0.5773 0.5774
vn -0.2566 0.2566 0.9318
vn -0.2178 0.6901 0.6901
vn -0.2566 0.9318 0.2566
vn -0.6901 0.6901 0.2178
vn -0.9318 0.2566 0.2566
vn -0.6901 0.2178 0.6901
vn -0.5773 0.5773 0.5774
vn -0.2566 -0.9318 -0.2566
vn -0.6901 -0.6901 -0.2178
vn -0.9318 -0.2566 -0.2566
vn -0.6901 -0.2178 -0.6901
vn -0.2566 -0.2566 -0.9318
vn -0.2178 -0.6901 -0.6901
vn -0.5773 -0.5773 -0.5774
vn -0.2566 0.9318 -0.2566
vn -0.2178 0.6901 -0.6901
vn -0.2566 0.2566 -0.9318
vn -0.6901 0.2178 -0.6901
vn -0.9318 0.2566 -0.2566
vn -0.6901 0.6901 -0.2178
vn -0.5773 0.5773 -0.5774
vn 0.2566 -0.9318 0.2566
vn 0.6901 -0.6901 0.2178
vn 0.9318 -0.2566 0.2566
vn 0.6901 -0.2178 0.6901
vn 0.2566 -0.2566 0.9318
vn 0.2178 -0.6901 0.6901
vn 0.5773 -0.5773 0.5774
vn 0.2566 0.9318 0.2566
vn 0.2178 0.6901 0.6901
vn 0.2566 0.2566 0.9318
vn 0.6901 0.2178 0.6901
vn 0.9318 0.2566 0.2566
vn 0.6901 0.6901 0.2178
vn 0.5773 0.5773 0.5774
vn 0.2566 -0.9318 -0.2566
vn 0.2178 -0.6901 -0.6901
vn 0.2566 -0.2566 -0.9318
vn 0.6901 -0.2178 -0.6901
vn 0.9318 -0.2566 -0.2566
vn 0.6901 -0.6901 -0.2178
vn 0.5773 -0.5773 -0.5774
vn 0.2566 0.9318 -0.2566
vn 0.6901 0.6901 -0.2178
vn 0.9318 0.2566 -0.2566
vn 0.6901 0.2178 -0.6901
vn 0.2566 0.2566 -0.9318
vn 0.2178 0.6901 -0.6901
vn 0.5773 0.5773 -0.5774
vn -0.2585 -0.9660 -0.0000
vn -0.7071 -0.7071 -0.0000
vn -0.9660 -0.2585 -0.0000
vn -0.2585 -0.0000 0.9660
vn -0.7071 -0.0000 0.7071
vn -0.9660 -0.0000 0.2584
vn -0.2585 0.9660 -0.0000
vn -0.7071 0.7071 -0.0000
vn -0.9660 0.2585 -0.0000
vn -0.2585 -0.0000 -0.9660
vn -0.7071 -0.0000 -0.7071
vn -0.9660 -0.0000 -0.2584
vn -0.0000 -0.9660 -0.2585
vn -0.0000 -0.7071 -0.7071
vn -0.0000 -0.2585 -0.9660
vn -0.0000 0.9660 -0.2585
vn -0.0000 0.7071 -0.7071
vn -0.0000 0.2585 -0.9660
vn 0.9660 -0.0000 -0.2584
vn 0.7071 -0.0000 -0.7071
vn 0.2585 -0.0000 -0.9660
vn 0.2585 -0.9660 -0.0000
vn 0.7071 -0.7071 -0.0000
vn 0.9660 -0.2585 -0.0000
vn 0.2585 0.9660 -0.0000
vn 0.7071 0.7071 -0.0000
vn 0.9660 0.2585 -0.0000
vn 0.2585 -0.0000 0.9660
vn 0.7071 -0.0000 0.7071
vn 0.9660 -0.0000 0.2584
vn -0.0000 -0.9660 0.2585
vn -0.0000 -0.7071 0.7071
vn -0.0000 -0.2585 0.9660
vn -0.0000 0.9660 0.2585
vn -0.0000 0.7071 0.7071
vn -0.0000 0.2585 0.9660
vn -0.0000 -1.0000 -0.0000
vn -1.0000 -0.0000 -0.0000
vn -0.0000 -0.0000 1.0000
vn -0.0000 1.0000 -0.0000
vn -0.0000 -0.0000 -1.0000
vn 1.0000 -0.0000 -0.0000
vt 0.013843 0.013843
vt 0.005865 0.013843
vt 0.006202 0.006202
vt 0.013843 0.005865
vt 0.000000 0.013843
vt 0.002073 0.006202
vt 0.438966 0.948120
vt 0.438966 0.955168
vt 0.431326 0.954257
vt 0.430988 0.947516
vt 0.631282 0.000000
vt 0.631282 0.007284
vt 0.623642 0.007021
vt 0.623642 0.001893
vt 0.631282 0.015540
vt 0.623304 0.014936
vt 0.617440 0.013277
vt 0.619513 0.005853
vt 0.507439 0.948120
vt 0.515417 0.947516
vt 0.515080 0.954257
vt 0.507439 0.955168
vt 0.212562 0.986157
vt 0.218426 0.986157
vt 0.218764 0.993798
vt 0.214635 0.993798
vt 0.226404 0.986157
vt 0.226404 0.994135
vt 0.713598 0.013277
vt 0.707733 0.014936
vt 0.707396 0.007021
vt 0.711524 0.005853
vt 0.699755 0.015540
vt 0.699755 0.007284
vt 0.699755 -0.000000
vt 0.707396 0.001893
vt 0.198719 0.013843
vt 0.198719 0.005865
vt 0.206360 0.006202
vt 0.206697 0.013843
vt 0.198719 0.000000
vt 0.206360 0.002073
vt 0.631282 0.192862
vt 0.631282 0.199910
vt 0.623642 0.198999
vt 0.623304 0.192258
vt 0.535124 0.000000
vt 0.535124 0.007284
vt 0.527484 0.007022
vt 0.527484 0.001893
vt 0.535124 0.015540
vt 0.527146 0.014936
vt 0.521282 0.013277
vt 0.523355 0.005853
vt 0.411281 0.986157
vt 0.419259 0.986157
vt 0.418922 0.993798
vt 0.411281 0.994135
vt 0.617440 0.013277
vt 0.611575 0.014936
vt 0.611238 0.007022
vt 0.615366 0.005853
vt 0.603597 0.015540
vt 0.603597 0.007284
vt 0.603597 0.000000
vt 0.611238 0.001893
vt 0.699755 0.192862
vt 0.707733 0.192258
vt 0.707396 0.198999
vt 0.699755 0.199910
vt 0.411281 1.000000
vt 0.418922 0.997927
vt 0.013843 0.986157
vt 0.013843 0.994135
vt 0.006202 0.993798
vt 0.005865 0.986157
vt 0.013843 1.000000
vt 0.006202 0.997927
vt 0.631282 0.392771
vt 0.631282 0.399819
vt 0.623642 0.398909
vt 0.623304 0.392167
vt 0.438966 0.000000
vt 0.438966 0.007284
vt 0.431326 0.007021
vt 0.431326 0.001893
vt 0.438966 0.015540
vt 0.430988 0.014936
vt 0.425124 0.013277
vt 0.427197 0.005853
vt 0.226404 0.013843
vt 0.218426 0.013843
vt 0.218764 0.006202
vt 0.226405 0.005865
vt 0.521282 0.013277
vt 0.515417 0.014936
vt 0.515080 0.007021
vt 0.519208 0.005853
vt 0.507439 0.015540
vt 0.507439 0.007284
vt 0.507439 0.000000
vt 0.515080 0.001893
vt 0.699755 0.392771
vt 0.707733 0.392167
vt 0.707396 0.398909
vt 0.699755 0.399819
vt 0.226405 0.000000
vt 0.218764 0.002073
vt 0.198719 0.986157
vt 0.206697 0.986157
vt 0.206360 0.993798
vt 0.198719 0.994135
vt 0.212562 0.986157
vt 0.210488 0.993798
vt 0.535124 0.948120
vt 0.535124 0.955168
vt 0.527484 0.954257
vt 0.527146 0.947516
vt 0.631282 0.199910
vt 0.631282 0.207194
vt 0.623642 0.206931
vt 0.623642 0.201803
vt 0.631282 0.215450
vt 0.623304 0.214846
vt 0.617440 0.213186
vt 0.619513 0.205763
vt 0.411281 0.013843
vt 0.411281 0.005865
vt 0.418922 0.006202
vt 0.419259 0.013843
vt 0.713598 0.213186
vt 0.707733 0.214846
vt 0.707396 0.206931
vt 0.711524 0.205763
vt 0.699755 0.215450
vt 0.699755 0.207194
vt 0.707396 0.201803
vt 0.603597 0.948120
vt 0.611575 0.947516
vt 0.611238 0.954257
vt 0.603597 0.955168
vt 0.425124 0.013843
vt 0.423050 0.006202
vt 0.013843 0.000000
vt 0.226404 1.000000
vt 0.212562 0.013843
vt 0.425124 0.986157
vt 0.198719 1.000000
vt 0.411281 0.000000
vt 0.000000 0.986157
vt 0.212562 0.013843
s 0
usemtl Light_Stained_Pine
f 97/152/99 100/153/99 102/154/99 101/155/99
f 100/153/100 104/156/100 105/157/100 102/154/100
f 98/158/101 103/159/101 105/160/101 104/161/101
f 103/162/102 107/163/102 108/164/102 105/165/102
f 99/166/103 106/167/103 108/164/103 107/163/103
f 106/167/104 101/168/104 102/169/104 108/164/104
f 102/169/105 105/165/105 108/164/105
f 109/170/106 112/171/106 114/172/106 113/173/106
f 112/174/107 116/175/107 117/176/107 114/177/107
f 110/178/108 115/179/108 117/176/108 116/175/108
f 115/180/109 119/181/109 120/182/109 117/183/109
f 111/184/110 118/185/110 120/182/110 119/181/110
f 118/185/111 113/186/111 114/187/111 120/182/111
f 114/187/112 117/183/112 120/182/112
f 121/188/113 124/189/113 126/190/113 125/191/113
f 124/189/114 128/192/114 129/193/114 126/190/114
f 122/194/115 127/195/115 129/196/115 128/197/115
f 127/198/116 131/199/116 132/200/116 129/201/116
f 123/202/117 130/203/117 132/200/117 131/199/117
f 130/203/118 125/204/118 126/205/118 132/200/118
f 126/205/119 129/201/119 132/200/119
f 133/206/120 136/207/120 138/208/120 137/209/120
f 136/210/121 140/211/121 141/212/121 138/213/121
f 134/214/122 139/215/122 141/212/122 140/211/122
f 139/215/123 143/216/123 144/217/123 141/212/123
f 135/218/124 142/219/124 144/220/124 143/221/124
f 142/222/125 137/209/125 138/208/125 144/223/125
f 138/213/126 141/212/126 144/217/126
f 145/224/127 148/225/127 150/226/127 149/227/127
f 148/225/128 152/228/128 153/229/128 150/226/128
f 146/230/129 151/231/129 153/232/129 152/233/129
f 151/234/130 155/235/130 156/236/130 153/237/130
f 147/238/131 154/239/131 156/236/131 155/235/131
f 154/239/132 149/240/132 150/241/132 156/236/132
f 150/241/133 153/237/133 156/236/133
f 157/242/134 160/243/134 162/244/134 161/245/134
f 160/246/135 164/247/135 165/248/135 162/249/135
f 158/250/136 163/251/136 165/248/136 164/247/136
f 163/251/137 167/252/137 168/253/137 165/248/137
f 159/254/138 166/255/138 168/256/138 167/257/138
f 166/258/139 161/245/139 162/244/139 168/259/139
f 162/249/140 165/248/140 168/253/140
f 169/260/141 172/261/141 174/262/141 173/263/141
f 172/261/142 176/264/142 177/265/142 174/262/142
f 170/266/143 175/267/143 177/268/143 176/269/143
f 175/270/144 179/271/144 180/272/144 177/273/144
f 171/274/145 178/275/145 180/272/145 179/271/145
f 178/275/146 173/276/146 174/277/146 180/272/146
f 174/277/147 177/273/147 180/272/147
f 181/278/148 184/279/148 186/280/148 185/281/148
f 184/282/149 188/283/149 189/284/149 186/285/149
f 182/286/150 187/287/150 189/284/150 188/283/150
f 187/287/151 191/221/151 192/288/151 189/284/151
f 183/289/152 190/290/152 192/291/152 191/292/152
f 190/293/153 185/281/153 186/280/153 192/294/153
f 186/285/154 189/284/154 192/288/154
f 121/188/155 97/152/155 101/155/155 124/189/155
f 124/189/156 101/155/156 106/295/156 128/192/156
f 128/197/157 106/167/157 99/166/157 122/194/157
f 98/158/158 109/170/158 113/173/158 103/159/158
f 103/162/159 113/186/159 118/185/159 107/163/159
f 107/163/160 118/185/160 111/184/160 99/166/160
f 110/178/161 133/206/161 137/209/161 115/179/161
f 115/179/162 137/209/162 142/222/162 119/296/162
f 119/181/163 142/219/163 135/218/163 111/184/163
f 134/214/164 123/202/164 131/199/164 139/215/164
f 139/215/165 131/199/165 127/198/165 143/216/165
f 143/221/166 127/195/166 122/194/166 135/218/166
f 169/260/167 121/188/167 125/191/167 172/261/167
f 172/261/168 125/191/168 130/297/168 176/264/168
f 176/269/169 130/203/169 123/202/169 170/266/169
f 133/206/170 181/278/170 185/281/170 136/207/170
f 136/207/171 185/281/171 190/293/171 140/298/171
f 140/211/172 190/290/172 183/289/172 134/214/172
f 182/286/173 171/274/173 179/271/173 187/287/173
f 187/287/174 179/271/174 175/270/174 191/221/174
f 191/292/175 175/267/175 170/266/175 183/289/175
f 145/224/176 169/260/176 173/263/176 148/225/176
f 148/225/177 173/263/177 178/299/177 152/228/177
f 152/233/178 178/275/178 171/274/178 146/230/178
f 181/278/179 157/242/179 161/245/179 184/279/179
f 184/279/180 161/245/180 166/258/180 188/300/180
f 188/283/181 166/255/181 159/254/181 182/286/181
f 158/250/182 147/238/182 155/235/182 163/251/182
f 163/251/183 155/235/183 151/234/183 167/252/183
f 167/257/184 151/231/184 146/230/184 159/254/184
f 97/152/185 145/224/185 149/227/185 100/153/185
f 100/153/186 149/227/186 154/301/186 104/156/186
f 104/161/187 154/239/187 147/238/187 98/158/187
f 157/242/188 110/178/188 116/175/188 160/243/188
f 160/243/189 116/175/189 112/174/189 164/302/189
f 164/247/190 112/171/190 109/170/190 158/250/190
f 121/188/191 169/260/191 145/224/191 97/152/191
f 99/166/192 111/184/192 135/218/192 122/194/192
f 147/238/193 158/250/193 109/170/193 98/158/193
f 181/278/194 133/206/194 110/178/194 157/242/194
f 123/202/195 134/214/195 183/289/195 170/266/195
f 171/274/196 182/286/196 159/254/196 146/230/196
o Seat_Plank_3
v -1.065000 1.710000 -0.042000
v -1.065000 1.745000 -0.007000
v -1.100000 1.745000 -0.042000
v -1.065000 1.714676 -0.024523
v -1.082477 1.714676 -0.042000
v -1.081737 1.719218 -0.025263
v -1.082477 1.745000 -0.011676
v -1.065000 1.727523 -0.011676
v -1.081737 1.728263 -0.016218
v -1.095324 1.727523 -0.042000
v -1.095324 1.745000 -0.024523
v -1.090782 1.728263 -0.025263
v -1.065000 1.895000 -0.007000
v -1.065000 1.930000 -0.042000
v -1.100000 1.895000 -0.042000
v -1.065000 1.912477 -0.011676
v -1.082477 1.895000 -0.011676
v -1.081737 1.911737 -0.016218
v -1.082477 1.925324 -0.042000
v -1.065000 1.925324 -0.024523
v -1.081737 1.920782 -0.025263
v -1.095324 1.895000 -0.024523
v -1.095324 1.912477 -0.042000
v -1.090782 1.911737 -0.025263
v -1.065000 1.710000 -0.447000
v -1.100000 1.745000 -0.447000
v -1.065000 1.745000 -0.482000
v -1.082477 1.714676 -0.447000
v -1.065000 1.714676 -0.464477
v -1.081737 1.719218 -0.463737
v -1.095324 1.745000 -0.464477
v -1.095324 1.727523 -0.447000
v -1.090782 1.728263 -0.463737
v -1.065000 1.727523 -0.477324
v -1.082477 1.745000 -0.477324
v -1.081737 1.728263 -0.472782
v -1.065000 1.930000 -0.447000
v -1.065000 1.895000 -0.482000
v -1.100000 1.895000 -0.447000
v -1.065000 1.925324 -0.464477
v -1.082477 1.925324 -0.447000
v -1.081737 1.920782 -0.463737
v -1.082477 1.895000 -0.477324
v -1.065000 1.912477 -0.477324
v -1.081737 1.911737 -0.472782
v -1.095324 1.912477 -0.447000
v -1.095324 1.895000 -0.464477
v -1.090782 1.911737 -0.463737
v 1.065000 1.710000 -0.042000
v 1.100000 1.745000 -0.042000
v 1.065000 1.745000 -0.007000
v 1.082477 1.714676 -0.042000
v 1.065000 1.714676 -0.024523
v 1.081737 1.719218 -0.025263
v 1.095324 1.745000 -0.024523
v 1.095324 1.727523 -0.042000
v 1.090782 1.728263 -0.025263
v 1.065000 1.727523 -0.011676
v 1.082477 1.745000 -0.011676
v 1.081737 1.728263 -0.016218
v 1.065000 1.930000 -0.042000
v 1.065000 1.895000 -0.007000
v 1.100000 1.895000 -0.042000
v 1.065000 1.925324 -0.024523
v 1.082477 1.925324 -0.042000
v 1.081737 1.920782 -0.025263
v 1.082477 1.895000 -0.011676
v 1.065000 1.912477 -0.011676
v 1.081737 1.911737 -0.016218
v 1.095324 1.912477 -0.042000
v 1.095324 1.895000 -0.024523
v 1.090782 1.911737 -0.025263
v 1.065000 1.710000 -0.447000
v 1.065000 1.745000 -0.482000
v 1.100000 1.745000 -0.447000
v 1.065000 1.714676 -0.464477
v 1.082477 1.714676 -0.447000
v 1.081737 1.719218 -0.463737
v 1.082477 1.745000 -0.477324
v 1.065000 1.727523 -0.477324
v 1.081737 1.728263 -0.472782
v 1.095324 1.727523 -0.447000
v 1.095324 1.745000 -0.464477
v 1.090782 1.728263 -0.463737
v 1.065000 1.930000 -0.447000
v 1.100000 1.895000 -0.447000
v 1.065000 1.895000 -0.482000
v 1.082477 1.925324 -0.447000
v 1.065000 1.925324 -0.464477
v 1.081737 1.920782 -0.463737
v 1.095324 1.895000 -0.464477
v 1.095324 1.912477 -0.447000
v 1.090782 1.911737 -0.463737
v 1.065000 1.912477 -0.477324
v 1.082477 1.895000 -0.477324
v 1.081737 1.911737 -0.472782
vn -0.2566 -0.9318 0.2566
vn -0.2178 -0.6901 0.6901
vn -0.2566 -0.2566 0.9318
vn -0.6901 -0.2178 0.6901
vn -0.9318 -0.2566 0.2566
vn -0.6901 -0.6901 0.2178
vn -0.5773 -0.5773 0.5774
vn -0.2566 0.2566 0.9318
vn -0.2178 0.6901 0.6901
vn -0.2566 0.9318 0.2566
vn -0.6901 0.6901 0.2178
vn -0.9318 0.2566 0.2566
vn -0.6901 0.2178 0.6901
vn -0.5773 0.5773 0.5774
vn -0.2566 -0.9318 -0.2566
vn -0.6901 -0.6901 -0.2178
vn -0.9318 -0.2566 -0.2566
vn -0.6901 -0.2178 -0.6901
vn -0.2566 -0.2566 -0.9318
vn -0.2178 -0.6901 -0.6901
vn -0.5773 -0.5773 -0.5774
vn -0.2566 0.9318 -0.2566
vn -0.2178 0.6901 -0.6901
vn -0.2566 0.2566 -0.9318
vn -0.6901 0.2178 -0.6901
vn -0.9318 0.2566 -0.2566
vn -0.6901 0.6901 -0.2178
vn -0.5773 0.5773 -0.5774
vn 0.2566 -0.9318 0.2566
vn 0.6901 -0.6901 0.2178
vn 0.9318 -0.2566 0.2566
vn 0.6901 -0.2178 0.6901
vn 0.2566 -0.2566 0.9318
vn 0.2178 -0.6901 0.6901
vn 0.5773 -0.5773 0.5774
vn 0.2566 0.9318 0.2566
vn 0.2178 0.6901 0.6901
vn 0.2566 0.2566 0.9318
vn 0.6901 0.2178 0.6901
vn 0.9318 0.2566 0.2566
vn 0.6901 0.6901 0.2178
vn 0.5773 0.5773 0.5774
vn 0.2566 -0.9318 -0.2566
vn 0.2178 -0.6901 -0.6901
vn 0.2566 -0.2566 -0.9318
vn 0.6901 -0.2178 -0.6901
vn 0.9318 -0.2566 -0.2566
vn 0.6901 -0.6901 -0.2178
vn 0.5773 -0.5773 -0.5774
vn 0.2566 0.9318 -0.2566
vn 0.6901 0.6901 -0.2178
vn 0.9318 0.2566 -0.2566
vn 0.6901 0.2178 -0.6901
vn 0.2566 0.2566 -0.9318
vn 0.2178 0.6901 -0.6901
vn 0.5773 0.5773 -0.5774
vn -0.2585 -0.9660 -0.0000
vn -0.7071 -0.7071 -0.0000
vn -0.9660 -0.2585 -0.0000
vn -0.2585 -0.0000 0.9660
vn -0.7071 -0.0000 0.7071
vn -0.9660 -0.0000 0.2584
vn -0.2585 0.9660 -0.0000
vn -0.7071 0.7071 -0.0000
vn -0.9660 0.2585 -0.0000
vn -0.2585 -0.0000 -0.9660
vn -0.7071 -0.0000 -0.7071
vn -0.9660 -0.0000 -0.2584
vn -0.0000 -0.9660 -0.2585
vn -0.0000 -0.7071 -0.7071
vn -0.0000 -0.2585 -0.9660
vn -0.0000 0.9660 -0.2585
vn -0.0000 0.7071 -0.7071
vn -0.0000 0.2585 -0.9660
vn 0.9660 -0.0000 -0.2584
vn 0.7071 -0.0000 -0.7071
vn 0.2585 -0.0000 -0.9660
vn 0.2585 -0.9660 -0.0000
vn 0.7071 -0.7071 -0.0000
vn 0.9660 -0.2585 -0.0000
vn 0.2585 0.9660 -0.0000
vn 0.7071 0.7071 -0.0000
vn 0.9660 0.2585 -0.0000
vn 0.2585 -0.0000 0.9660
vn 0.7071 -0.0000 0.7071
vn 0.9660 -0.0000 0.2584
vn -0.0000 -0.9660 0.2585
vn -0.0000 -0.7071 0.7071
vn -0.0000 -0.2585 0.9660
vn -0.0000 0.9660 0.2585
vn -0.0000 0.7071 0.7071
vn -0.0000 0.2585 0.9660
vn -0.0000 -1.0000 -0.0000
vn -1.0000 -0.0000 -0.0000
vn -0.0000 -0.0000 1.0000
vn -0.0000 1.0000 -0.0000
vn -0.0000 -0.0000 -1.0000
vn 1.0000 -0.0000 -0.0000
vt 0.013843 0.013843
vt 0.005865 0.013843
vt 0.006202 0.006202
vt 0.013843 0.005865
vt 0.000000 0.013843
vt 0.002073 0.006202
vt 0.438966 0.948120
vt 0.438966 0.955168
vt 0.431326 0.954257
vt 0.430988 0.947516
vt 0.631282 0.000000
vt 0.631282 0.007284
vt 0.623642 0.007021
vt 0.623642 0.001893
vt 0.631282 0.015540
vt 0.623304 0.014936
vt 0.617440 0.013277
vt 0.619513 0.005853
vt 0.507439 0.948120
vt 0.515417 0.947516
vt 0.515080 0.954257
vt 0.507439 0.955168
vt 0.212562 0.986157
vt 0.218426 0.986157
vt 0.218764 0.993798
vt 0.214635 0.993798
vt 0.226404 0.986157
vt 0.226404 0.994135
vt 0.713598 0.013277
vt 0.707733 0.014936
vt 0.707396 0.007021
vt 0.711524 0.005853
vt 0.699755 0.015540
vt 0.699755 0.007284
vt 0.699755 -0.000000
vt 0.707396 0.001893
vt 0.198719 0.013843
vt 0.198719 0.005865
vt 0.206360 0.006202
vt 0.206697 0.013843
vt 0.198719 0.000000
vt 0.206360 0.002073
vt 0.631282 0.192862
vt 0.631282 0.199910
vt 0.623642 0.198999
vt 0.623304 0.192258
vt 0.535124 0.000000
vt 0.535124 0.007284
vt 0.527484 0.007022
vt 0.527484 0.001893
vt 0.535124 0.015540
vt 0.527146 0.014936
vt 0.521282 0.013277
vt 0.523355 0.005853
vt 0.411281 0.986157
vt 0.419259 0.986157
vt 0.418922 0.993798
vt 0.411281 0.994135
vt 0.617440 0.013277
vt 0.611575 0.014936
vt 0.611238 0.007022
vt 0.615366 0.005853
vt 0.603597 0.015540
vt 0.603597 0.007284
vt 0.603597 0.000000
vt 0.611238 0.001893
vt 0.699755 0.192862
vt 0.707733 0.192258
vt 0.707396 0.198999
vt 0.699755 0.199910
vt 0.411281 1.000000
vt 0.418922 0.997927
vt 0.013843 0.986157
vt 0.013843 0.994135
vt 0.006202 0.993798
vt 0.005865 0.986157
vt 0.013843 1.000000
vt 0.006202 0.997927
vt 0.631282 0.392771
vt 0.631282 0.399819
vt 0.623642 0.398909
vt 0.623304 0.392167
vt 0.438966 0.000000
vt 0.438966 0.007284
vt 0.431326 0.007021
vt 0.431326 0.001893
vt 0.438966 0.015540
vt 0.430988 0.014936
vt 0.425124 0.013277
vt 0.427197 0.005853
vt 0.226404 0.013843
vt 0.218426 0.013843
vt 0.218764 0.006202
vt 0.226405 0.005865
vt 0.521282 0.013277
vt 0.515417 0.014936
vt 0.515080 0.007021
vt 0.519208 0.005853
vt 0.507439 0.015540
vt 0.507439 0.007284
vt 0.507439 0.000000
vt 0.515080 0.001893
vt 0.699755 0.392771
vt 0.707733 0.392167
vt 0.707396 0.398909
vt 0.699755 0.399819
vt 0.226405 0.000000
vt 0.218764 0.002073
vt 0.198719 0.986157
vt 0.206697 0.986157
vt 0.206360 0.993798
vt 0.198719 0.994135
vt 0.212562 0.986157
vt 0.210488 0.993798
vt 0.535124 0.948120
vt 0.535124 0.955168
vt 0.527484 0.954257
vt 0.527146 0.947516
vt 0.631282 0.199910
vt 0.631282 0.207194
vt 0.623642 0.206931
vt 0.623642 0.201803
vt 0.631282 0.215450
vt 0.623304 0.214846
vt 0.617440 0.213186
vt 0.619513 0.205763
vt 0.411281 0.013843
vt 0.411281 0.005865
vt 0.418922 0.006202
vt 0.419259 0.013843
vt 0.713598 0.213186
vt 0.707733 0.214846
vt 0.707396 0.206931
vt 0.711524 0.205763
vt 0.699755 0.215450
vt 0.699755 0.207194
vt 0.707396 0.201803
vt 0.603597 0.948120
vt 0.611575 0.947516
vt 0.611238 0.954257
vt 0.603597 0.955168
vt 0.425124 0.013843
vt 0.423050 0.006202
vt 0.013843 0.000000
vt 0.226404 1.000000
vt 0.212562 0.013843
vt 0.425124 0.986157
vt 0.198719 1.000000
vt 0.411281 0.000000
vt 0.000000 0.986157
vt 0.212562 0.013843
s 0
usemtl Light_Stained_Pine
f 193/303/197 196/304/197 198/305/197 197/306/197
f 196/304/198 200/307/198 201/308/198 198/305/198
f 194/309/199 199/310/199 201/311/199 200/312/199
f 199/313/200 203/314/200 204/315/200 201/316/200
f 195/317/201 202/318/201 204/315/201 203/314/201
f 202/318/202 197/319/202 198/320/202 204/315/202
f 198/320/203 201/316/203 204/315/203
f 205/321/204 208/322/204 210/323/204 209/324/204
f 208/325/205 212/326/205 213/327/205 210/328/205
f 206/329/206 211/330/206 213/327/206 212/326/206
f 211/331/207 215/332/207 216/333/207 213/334/207
f 207/335/208 214/336/208 216/333/208 215/332/208
f 214/336/209 209/337/209 210/338/209 216/333/209
f 210/338/210 213/334/210 216/333/210
f 217/339/211 220/340/211 222/341/211 221/342/211
f 220/340/212 224/343/212 225/344/212 222/341/212
f 218/345/213 223/346/213 225/347/213 224/348/213
f 223/349/214 227/350/214 228/351/214 225/352/214
f 219/353/215 226/354/215 228/351/215 227/350/215
f 226/354/216 221/355/216 222/356/216 228/351/216
f 222/356/217 225/352/217 228/351/217
f 229/357/218 232/358/218 234/359/218 233/360/218
f 232/361/219 236/362/219 237/363/219 234/364/219
f 230/365/220 235/366/220 237/363/220 236/362/220
f 235/366/221 239/367/221 240/368/221 237/363/221
f 231/369/222 238/370/222 240/371/222 239/372/222
f 238/373/223 233/360/223 234/359/223 240/374/223
f 234/364/224 237/363/224 240/368/224
f 241/375/225 244/376/225 246/377/225 245/378/225
f 244/376/226 248/379/226 249/380/226 246/377/226
f 242/381/227 247/382/227 249/383/227 248/384/227
f 247/385/228 251/386/228 252/387/228 249/388/228
f 243/389/229 250/390/229 252/387/229 251/386/229
f 250/390/230 245/391/230 246/392/230 252/387/230
f 246/392/231 249/388/231 252/387/231
f 253/393/232 256/394/232 258/395/232 257/396/232
f 256/397/233 260/398/233 261/399/233 258/400/233
f 254/401/234 259/402/234 261/399/234 260/398/234
f 259/402/235 263/403/235 264/404/235 261/399/235
f 255/405/236 262/406/236 264/407/236 263/408/236
f 262/409/237 257/396/237 258/395/237 264/410/237
f 258/400/238 261/399/238 264/404/238
f 265/411/239 268/412/239 270/413/239 269/414/239
f 268/412/240 272/415/240 273/416/240 270/413/240
f 266/417/241 271/418/241 273/419/241 272/420/241
f 271/421/242 275/422/242 276/423/242 273/424/242
f 267/425/243 274/426/243 276/423/243 275/422/243
f 274/426/244 269/427/244 270/428/244 276/423/244
f 270/428/245 273/424/245 276/423/245
f 277/429/246 280/430/246 282/431/246 281/432/246
f 280/433/247 284/434/247 285/435/247 282/436/247
f 278/437/248 283/438/248 285/435/248 284/434/248
f 283/438/249 287/372/249 288/439/249 285/435/249
f 279/440/250 286/441/250 288/442/250 287/443/250
f 286/444/251 281/432/251 282/431/251 288/445/251
f 282/436/252 285/435/252 288/439/252
f 217/339/253 193/303/253 197/306/253 220/340/253
f 220/340/254 197/306/254 202/446/254 224/343/254
f 224/348/255 202/318/255 195/317/255 218/345/255
f 194/309/256 205/321/256 209/324/256 199/310/256
f 199/313/257 209/337/257 214/336/257 203/314/257
f 203/314/258 214/336/258 207/335/258 195/317/258
f 206/329/259 229/357/259 233/360/259 211/330/259
f 211/330/260 233/360/260 238/373/260 215/447/260
f 215/332/261 238/370/261 231/369/261 207/335/261
f 230/365/262 219/353/262 227/350/262 235/366/262
f 235/366/263 227/350/263 223/349/263 239/367/263
f 239/372/264 223/346/264 218/345/264 231/369/264
f 265/411/265 217/339/265 221/342/265 268/412/265
f 268/412/266 221/342/266 226/448/266 272/415/266
f 272/420/267 226/354/267 219/353/267 266/417/267
f 229/357/268 277/429/268 281/432/268 232/358/268
f 232/358/269 281/432/269 286/444/269 236/449/269
f 236/362/270 286/441/270 279/440/270 230/365/270
f 278/437/271 267/425/271 275/422/271 283/438/271
f 283/438/272 275/422/272 271/421/272 287/372/272
f 287/443/273 271/418/273 266/417/273 279/440/273
f 241/375/274 265/411/274 269/414/274 244/376/274
f 244/376/275 269/414/275 274/450/275 248/379/275
f 248/384/276 274/426/276 267/425/276 242/381/276
f 277/429/277 253/393/277 257/396/277 280/430/277
f 280/430/278 257/396/278 262/409/278 284/451/278
f 284/434/279 262/406/279 255/405/279 278/437/279
f 254/401/280 243/389/280 251/386/280 259/402/280
f 259/402/281 251/386/281 247/385/281 263/403/281
f 263/408/282 247/382/282 242/381/282 255/405/282
f 193/303/283 241/375/283 245/378/283 196/304/283
f 196/304/284 245/378/284 250/452/284 200/307/284
f 200/312/285 250/390/285 243/389/285 194/309/285
f 253/393/286 206/329/286 212/326/286 256/394/286
f 256/394/287 212/326/287 208/325/287 260/453/287
f 260/398/288 208/322/288 205/321/288 254/401/288
f 217/339/289 265/411/289 241/375/289 193/303/289
f 195/317/290 207/335/290 231/369/290 218/345/290
f 243/389/291 254/401/291 205/321/291 194/309/291
f 277/429/292 229/357/292 206/329/292 253/393/292
f 219/353/293 230/365/293 279/440/293 266/417/293
f 267/425/294 278/437/294 255/405/294 242/381/294
o Seat_Plank_4
v -1.065000 1.710000 -0.531000
v -1.065000 1.745000 -0.496000
v -1.100000 1.745000 -0.531000
v -1.065000 1.714676 -0.513523
v -1.082477 1.714676 -0.531000
v -1.081737 1.719218 -0.514263
v -1.082477 1.745000 -0.500676
v -1.065000 1.727523 -0.500676
v -1.081737 1.728263 -0.505218
v -1.095324 1.727523 -0.531000
v -1.095324 1.745000 -0.513523
v -1.090782 1.728263 -0.514263
v -1.065000 1.895000 -0.496000
v -1.065000 1.930000 -0.531000
v -1.100000 1.895000 -0.531000
v -1.065000 1.912477 -0.500676
v -1.082477 1.895000 -0.500676
v -1.081737 1.911737 -0.505218
v -1.082477 1.925324 -0.531000
v -1.065000 1.925324 -0.513523
v -1.081737 1.920782 -0.514263
v -1.095324 1.895000 -0.513523
v -1.095324 1.912477 -0.531000
v -1.090782 1.911737 -0.514263
v -1.065000 1.710000 -0.936000
v -1.100000 1.745000 -0.936000
v -1.065000 1.745000 -0.971000
v -1.082477 1.714676 -0.936000
v -1.065000 1.714676 -0.953477
v -1.081737 1.719218 -0.952737
v -1.095324 1.745000 -0.953477
v -1.095324 1.727523 -0.936000
v -1.090782 1.728263 -0.952737
v -1.065000 1.727523 -0.966324
v -1.082477 1.745000 -0.966324
v -1.081737 1.728263 -0.961782
v -1.065000 1.930000 -0.936000
v -1.065000 1.895000 -0.971000
v -1.100000 1.895000 -0.936000
v -1.065000 1.925324 -0.953477
v -1.082477 1.925324 -0.936000
v -1.081737 1.920782 -0.952737
v -1.082477 1.895000 -0.966324
v -1.065000 1.912477 -0.966324
v -1.081737 1.911737 -0.961782
v -1.095324 1.912477 -0.936000
v -1.095324 1.895000 -0.953477
v -1.090782 1.911737 -0.952737
v 1.065000 1.710000 -0.531000
v 1.100000 1.745000 -0.531000
v 1.065000 1.745000 -0.496000
v 1.082477 1.714676 -0.531000
v 1.065000 1.714676 -0.513523
v 1.081737 1.719218 -0.514263
v 1.095324 1.745000 -0.513523
v 1.095324 1.727523 -0.531000
v 1.090782 1.728263 -0.514263
v 1.065000 1.727523 -0.500676
v 1.082477 1.745000 -0.500676
v 1.081737 1.728263 -0.505218
v 1.065000 1.930000 -0.531000
v 1.065000 1.895000 -0.496000
v 1.100000 1.895000 -0.531000
v 1.065000 1.925324 -0.513523
v 1.082477 1.925324 -0.531000
v 1.081737 1.920782 -0.514263
v 1.082477 1.895000 -0.500676
v 1.065000 1.912477 -0.500676
v 1.081737 1.911737 -0.505218
v 1.095324 1.912477 -0.531000
v 1.095324 1.895000 -0.513523
v 1.090782 1.911737 -0.514263
v 1.065000 1.710000 -0.936000
v 1.065000 1.745000 -0.971000
v 1.100000 1.745000 -0.936000
v 1.065000 1.714676 -0.953477
v 1.082477 1.714676 -0.936000
v 1.081737 1.719218 -0.952737
v 1.082477 1.745000 -0.966324
v 1.065000 1.727523 -0.966324
v 1.081737 1.728263 -0.961782
v 1.095324 1.727523 -0.936000
v 1.095324 1.745000 -0.953477
v 1.090782 1.728263 -0.952737
v 1.065000 1.930000 -0.936000
v 1.100000 1.895000 -0.936000
v 1.065000 1.895000 -0.971000
v 1.082477 1.925324 -0.936000
v 1.065000 1.925324 -0.953477
v 1.081737 1.920782 -0.952737
v 1.095324 1.895000 -0.953477
v 1.095324 1.912477 -0.936000
v 1.090782 1.911737 -0.952737
v 1.065000 1.912477 -0.966324
v 1.082477 1.895000 -0.966324
v 1.081737 1.911737 -0.961782
vn -0.2566 -0.9318 0.2566
vn -0.2178 -0.6901 0.6901
vn -0.2566 -0.2566 0.9318
vn -0.6901 -0.2178 0.6901
vn -0.9318 -0.2566 0.2566
vn -0.6901 -0.6901 0.2178
vn -0.5773 -0.5773 0.5774
vn -0.2566 0.2566 0.9318
vn -0.2178 0.6901 0.6901
vn -0.2566 0.9318 0.2566
vn -0.6901 0.6901 0.2178
vn -0.9318 0.2566 0.2566
vn -0.6901 0.2178 0.6901
vn -0.5773 0.5773 0.5774
vn -0.2566 -0.9318 -0.2566
vn -0.6901 -0.6901 -0.2178
vn -0.9318 -0.2566 -0.2566
vn -0.6901 -0.2178 -0.6901
vn -0.2566 -0.2566 -0.9318
vn -0.2178 -0.6901 -0.6901
vn -0.5773 -0.5773 -0.5774
vn -0.2566 0.9318 -0.2566
vn -0.2178 0.6901 -0.6901
vn -0.2566 0.2566 -0.9318
vn -0.6901 0.2178 -0.6901
vn -0.9318 0.2566 -0.2566
vn -0.6901 0.6901 -0.2178
vn -0.5773 0.5773 -0.5774
vn 0.2566 -0.9318 0.2566
vn 0.6901 -0.6901 0.2178
vn 0.9318 -0.2566 0.2566
vn 0.6901 -0.2178 0.6901
vn 0.2566 -0.2566 0.9318
vn 0.2178 -0.6901 0.6901
vn 0.5773 -0.5773 0.5774
vn 0.2566 0.9318 0.2566
vn 0.2178 0.6901 0.6901
vn 0.2566 0.2566 0.9318
vn 0.6901 0.2178 0.6901
vn 0.9318 0.2566 0.2566
vn 0.6901 0.6901 0.2178
vn 0.5773 0.5773 0.5774
vn 0.2566 -0.9318 -0.2566
vn 0.2178 -0.6901 -0.6901
vn 0.2566 -0.2566 -0.9318
vn 0.6901 -0.2178 -0.6901
vn 0.9318 -0.2566 -0.2566
vn 0.6901 -0.6901 -0.2178
vn 0.5773 -0.5773 -0.5774
vn 0.2566 0.9318 -0.2566
vn 0.6901 0.6901 -0.2178
vn 0.9318 0.2566 -0.2566
vn 0.6901 0.2178 -0.6901
vn 0.2566 0.2566 -0.9318
vn 0.2178 0.6901 -0.6901
vn 0.5773 0.5773 -0.5774
vn -0.2585 -0.9660 -0.0000
vn -0.7071 -0.7071 -0.0000
vn -0.9660 -0.2585 -0.0000
vn -0.2585 -0.0000 0.9660
vn -0.7071 -0.0000 0.7071
vn -0.9660 -0.0000 0.2584
vn -0.2585 0.9660 -0.0000
vn -0.7071 0.7071 -0.0000
vn -0.9660 0.2585 -0.0000
vn -0.2585 -0.0000 -0.9660
vn -0.7071 -0.0000 -0.7071
vn -0.9660 -0.0000 -0.2584
vn -0.0000 -0.9660 -0.2585
vn -0.0000 -0.7071 -0.7071
vn -0.0000 -0.2585 -0.9660
vn -0.0000 0.9660 -0.2585
vn -0.0000 0.7071 -0.7071
vn -0.0000 0.2585 -0.9660
vn 0.9660 -0.0000 -0.2584
vn 0.7071 -0.0000 -0.7071
vn 0.2585 -0.0000 -0.9660
vn 0.2585 -0.9660 -0.0000
vn 0.7071 -0.7071 -0.0000
vn 0.9660 -0.2585 -0.0000
vn 0.2585 0.9660 -0.0000
vn 0.7071 0.7071 -0.0000
vn 0.9660 0.2585 -0.0000
vn 0.2585 -0.0000 0.9660
vn 0.7071 -0.0000 0.7071
vn 0.9660 -0.0000 0.2584
vn -0.0000 -0.9660 0.2585
vn -0.0000 -0.7071 0.7071
vn -0.0000 -0.2585 0.9660
vn -0.0000 0.9660 0.2585
vn -0.0000 0.7071 0.7071
vn -0.0000 0.2585 0.9660
vn -0.0000 -1.0000 -0.0000
vn -1.0000 -0.0000 -0.0000
vn -0.0000 -0.0000 1.0000
vn -0.0000 1.0000 -0.0000
vn -0.0000 -0.0000 -1.0000
vn 1.0000 -0.0000 -0.0000
vt 0.013843 0.013843
vt 0.005865 0.013843
vt 0.006202 0.006202
vt 0.013843 0.005865
vt 0.000000 0.013843
vt 0.002073 0.006202
vt 0.438966 0.948120
vt 0.438966 0.955168
vt 0.431326 0.954257
vt 0.430988 0.947516
vt 0.631282 0.000000
vt 0.631282 0.007284
vt 0.623642 0.007021
vt 0.623642 0.001893
vt 0.631282 0.015540
vt 0.623304 0.014936
vt 0.617440 0.013277
vt 0.619513 0.005853
vt 0.507439 0.948120
vt 0.515417 0.947516
vt 0.515080 0.954257
vt 0.507439 0.955168
vt 0.212562 0.986157
vt 0.218426 0.986157
vt 0.218764 0.993798
vt 0.214635 0.993798
vt 0.226404 0.986157
vt 0.226404 0.994135
vt 0.713598 0.013277
vt 0.707733 0.014936
vt 0.707396 0.007021
vt 0.711524 0.005853
vt 0.699755 0.015540
vt 0.699755 0.007284
vt 0.699755 -0.000000
vt 0.707396 0.001893
vt 0.198719 0.013843
vt 0.198719 0.005865
vt 0.206360 0.006202
vt 0.206697 0.013843
vt 0.198719 0.000000
vt 0.206360 0.002073
vt 0.631282 0.192862
vt 0.631282 0.199910
vt 0.623642 0.198999
vt 0.623304 0.192258
vt 0.535124 0.000000
vt 0.535124 0.007284
vt 0.527484 0.007022
vt 0.527484 0.001893
vt 0.535124 0.015540
vt 0.527146 0.014936
vt 0.521282 0.013277
vt 0.523355 0.005853
vt 0.411281 0.986157
vt 0.419259 0.986157
vt 0.418922 0.993798
vt 0.411281 0.994135
vt 0.617440 0.013277
vt 0.611575 0.014936
vt 0.611238 0.007022
vt 0.615366 0.005853
vt 0.603597 0.015540
vt 0.603597 0.007284
vt 0.603597 0.000000
vt 0.611238 0.001893
vt 0.699755 0.192862
vt 0.707733 0.192258
vt 0.707396 0.198999
vt 0.699755 0.199910
vt 0.411281 1.000000
vt 0.418922 0.997927
vt 0.013843 0.986157
vt 0.013843 0.994135
vt 0.006202 0.993798
vt 0.005865 0.986157
vt 0.013843 1.000000
vt 0.006202 0.997927
vt 0.631282 0.392771
vt 0.631282 0.399819
vt 0.623642 0.398909
vt 0.623304 0.392167
vt 0.438966 0.000000
vt 0.438966 0.007284
vt 0.431326 0.007021
vt 0.431326 0.001893
vt 0.438966 0.015540
vt 0.430988 0.014936
vt 0.425124 0.013277
vt 0.427197 0.005853
vt 0.226404 0.013843
vt 0.218426 0.013843
vt 0.218764 0.006202
vt 0.226405 0.005865
vt 0.521282 0.013277
vt 0.515417 0.014936
vt 0.515080 0.007021
vt 0.519208 0.005853
vt 0.507439 0.015540
vt 0.507439 0.007284
vt 0.507439 0.000000
vt 0.515080 0.001893
vt 0.699755 0.392771
vt 0.707733 0.392167
vt 0.707396 0.398909
vt 0.699755 0.399819
vt 0.226405 0.000000
vt 0.218764 0.002073
vt 0.198719 0.986157
vt 0.206697 0.986157
vt 0.206360 0.993798
vt 0.198719 0.994135
vt 0.212562 0.986157
vt 0.210488 0.993798
vt 0.535124 0.948120
vt 0.535124 0.955168
vt 0.527484 0.954257
vt 0.527146 0.947516
vt 0.631282 0.199910
vt 0.631282 0.207194
vt 0.623642 0.206931
vt 0.623642 0.201803
vt 0.631282 0.215450
vt 0.623304 0.214846
vt 0.617440 0.213186
vt 0.619513 0.205763
vt 0.411281 0.013843
vt 0.411281 0.005865
vt 0.418922 0.006202
vt 0.419259 0.013843
vt 0.713598 0.213186
vt 0.707733 0.214846
vt 0.707396 0.206931
vt 0.711524 0.205763
vt 0.699755 0.215450
vt 0.699755 0.207194
vt 0.707396 0.201803
vt 0.603597 0.948120
vt 0.611575 0.947516
vt 0.611238 0.954257
vt 0.603597 0.955168
vt 0.425124 0.013843
vt 0.423050 0.006202
vt 0.013843 0.000000
vt 0.226404 1.000000
vt 0.212562 0.013843
vt 0.425124 0.986157
vt 0.198719 1.000000
vt 0.411281 0.000000
vt 0.000000 0.986157
vt 0.212562 0.013843
s 0
usemtl Light_Stained_Pine
f 289/454/295 292/455/295 294/456/295 293/457/295
f 292/455/296 296/458/296 297/459/296 294/456/296
f 290/460/297 295/461/297 297/462/297 296/463/297
f 295/464/298 299/465/298 300/466/298 297/467/298
f 291/468/299 298/469/299 300/466/299 299/465/299
f 298/469/300 293/470/300 294/471/300 300/466/300
f 294/471/301 297/467/301 300/466/301
f 301/472/302 304/473/302 306/474/302 305/475/302
f 304/476/303 308/477/303 309/478/303 306/479/303
f 302/480/304 307/481/304 309/478/304 308/477/304
f 307/482/305 311/483/305 312/484/305 309/485/305
f 303/486/306 310/487/306 312/484/306 311/483/306
f 310/487/307 305/488/307 306/489/307 312/484/307
f 306/489/308 309/485/308 312/484/308
f 313/490/309 316/491/309 318/492/309 317/493/309
f 316/491/310 320/494/310 321/495/310 318/492/310
f 314/496/311 319/497/311 321/498/311 320/499/311
f 319/500/312 323/501/312 324/502/312 321/503/312
f 315/504/313 322/505/313 324/502/313 323/501/313
f 322/505/314 317/506/314 318/507/314 324/502/314
f 318/507/315 321/503/315 324/502/315
f 325/508/316 328/509/316 330/510/316 329/511/316
f 328/512/317 332/513/317 333/514/317 330/515/317
f 326/516/318 331/517/318 333/514/318 332/513/318
f 331/517/319 335/518/319 336/519/319 333/514/319
f 327/520/320 334/521/320 336/522/320 335/523/320
f 334/524/321 329/511/321 330/510/321 336/525/321
f 330/515/322 333/514/322 336/519/322
f 337/526/323 340/527/323 342/528/323 341/529/323
f 340/527/324 344/530/324 345/531/324 342/528/324
f 338/532/325 343/533/325 345/534/325 344/535/325
f 343/536/326 347/537/326 348/538/326 345/539/326
f 339/540/327 346/541/327 348/538/327 347/537/327
f 346/541/328 341/542/328 342/543/328 348/538/328
f 342/543/329 345/539/329 348/538/329
f 349/544/330 352/545/330 354/546/330 353/547/330
f 352/548/331 356/549/331 357/550/331 354/551/331
f 350/552/332 355/553/332 357/550/332 356/549/332
f 355/553/333 359/554/333 360/555/333 357/550/333
f 351/556/334 358/557/334 360/558/334 359/559/334
f 358/560/335 353/547/335 354/546/335 360/561/335
f 354/551/336 357/550/336 360/555/336
f 361/562/337 364/563/337 366/564/337 365/565/337
f 364/563/338 368/566/338 369/567/338 366/564/338
f 362/568/339 367/569/339 369/570/339 368/571/339
f 367/572/340 371/573/340 372/574/340 369/575/340
f 363/576/341 370/577/341 372/574/341 371/573/341
f 370/577/342 365/578/342 366/579/342 372/574/342
f 366/579/343 369/575/343 372/574/343
f 373/580/344 376/581/344 378/582/344 377/583/344
f 376/584/345 380/585/345 381/586/345 378/587/345
f 374/588/346 379/589/346 381/586/346 380/585/346
f 379/589/347 383/523/347 384/590/347 381/586/347
f 375/591/348 382/592/348 384/593/348 383/594/348
f 382/595/349 377/583/349 378/582/349 384/596/349
f 378/587/350 381/586/350 384/590/350
f 313/490/351 289/454/351 293/457/351 316/491/351
f 316/491/352 293/457/352 298/597/352 320/494/352
f 320/499/353 298/469/353 291/468/353 314/496/353
f 290/460/354 301/472/354 305/475/354 295/461/354
f 295/464/355 305/488/355 310/487/355 299/465/355
f 299/465/356 310/487/356 303/486/356 291/468/356
f 302/480/357 325/508/357 329/511/357 307/481/357
f 307/481/358 329/511/358 334/524/358 311/598/358
f 311/483/359 334/521/359 327/520/359 303/486/359
f 326/516/360 315/504/360 323/501/360 331/517/360
f 331/517/361 323/501/361 319/500/361 335/518/361
f 335/523/362 319/497/362 314/496/362 327/520/362
f 361/562/363 313/490/363 317/493/363 364/563/363
f 364/563/364 317/493/364 322/599/364 368/566/364
f 368/571/365 322/505/365 315/504/365 362/568/365
f 325/508/366 373/580/366 377/583/366 328/509/366
f 328/509/367 377/583/367 382/595/367 332/600/367
f 332/513/368 382/592/368 375/591/368 326/516/368
f 374/588/369 363/576/369 371/573/369 379/589/369
f 379/589/370 371/573/370 367/572/370 383/523/370
f 383/594/371 367/569/371 362/568/371 375/591/371
f 337/526/372 361/562/372 365/565/372 340/527/372
f 340/527/373 365/565/373 370/601/373 344/530/373
f 344/535/374 370/577/374 363/576/374 338/532/374
f 373/580/375 349/544/375 353/547/375 376/581/375
f 376/581/376 353/547/376 358/560/376 380/602/376
f 380/585/377 358/557/377 351/556/377 374/588/377
f 350/552/378 339/540/378 347/537/378 355/553/378
f 355/553/379 347/537/379 343/536/379 359/554/379
f 359/559/380 343/533/380 338/532/380 351/556/380
f 289/454/381 337/526/381 341/529/381 292/455/381
f 292/455/382 341/529/382 346/603/382 296/458/382
f 296/463/383 346/541/383 339/540/383 290/460/383
f 349/544/384 302/480/384 308/477/384 352/545/384
f 352/545/385 308/477/385 304/476/385 356/604/385
f 356/549/386 304/473/386 301/472/386 350/552/386
f 313/490/387 361/562/387 337/526/387 289/454/387
f 291/468/388 303/486/388 327/520/388 314/496/388
f 339/540/389 350/552/389 301/472/389 290/460/389
f 373/580/390 325/508/390 302/480/390 349/544/390
f 315/504/391 326/516/391 375/591/391 362/568/391
f 363/576/392 374/588/392 351/556/392 338/532/392
o Front_Apron
v -0.930000 1.440000 0.940000
v -0.930000 1.470000 0.970000
v -0.960000 1.470000 0.940000
v -0.930000 1.444008 0.954980
v -0.944980 1.444008 0.940000
v -0.944346 1.447901 0.954346
v -0.944980 1.470000 0.965992
v -0.930000 1.455020 0.965992
v -0.944346 1.455654 0.962099
v -0.955992 1.455020 0.940000
v -0.955992 1.470000 0.954980
v -0.952099 1.455654 0.954346
v -0.930000 1.730000 0.970000
v -0.930000 1.760000 0.940000
v -0.960000 1.730000 0.940000
v -0.930000 1.744980 0.965992
v -0.944980 1.730000 0.965992
v -0.944346 1.744346 0.962099
v -0.944980 1.755992 0.940000
v -0.930000 1.755992 0.954980
v -0.944346 1.752099 0.954346
v -0.955992 1.730000 0.954980
v -0.955992 1.744980 0.940000
v -0.952099 1.744346 0.954346
v -0.930000 1.440000 0.840000
v -0.960000 1.470000 0.840000
v -0.930000 1.470000 0.810000
v -0.944980 1.444008 0.840000
v -0.930000 1.444008 0.825020
v -0.944346 1.447901 0.825654
v -0.955992 1.470000 0.825020
v -0.955992 1.455020 0.840000
v -0.952099 1.455654 0.825654
v -0.930000 1.455020 0.814008
v -0.944980 1.470000 0.814008
v -0.944346 1.455654 0.817901
v -0.930000 1.760000 0.840000
v -0.930000 1.730000 0.810000
v -0.960000 1.730000 0.840000
v -0.930000 1.755992 0.825020
v -0.944980 1.755992 0.840000
v -0.944346 1.752099 0.825654
v -0.944980 1.730000 0.814008
v -0.930000 1.744980 0.814008
v -0.944346 1.744346 0.817901
v -0.955992 1.744980 0.840000
v -0.955992 1.730000 0.825020
v -0.952099 1.744346 0.825654
v 0.930000 1.440000 0.940000
v 0.960000 1.470000 0.940000
v 0.930000 1.470000 0.970000
v 0.944980 1.444008 0.940000
v 0.930000 1.444008 0.954980
v 0.944346 1.447901 0.954346
v 0.955992 1.470000 0.954980
v 0.955992 1.455020 0.940000
v 0.952099 1.455654 0.954346
v 0.930000 1.455020 0.965992
v 0.944980 1.470000 0.965992
v 0.944346 1.455654 0.962099
v 0.930000 1.760000 0.940000
v 0.930000 1.730000 0.970000
v 0.960000 1.730000 0.940000
v 0.930000 1.755992 0.954980
v 0.944980 1.755992 0.940000
v 0.944346 1.752099 0.954346
v 0.944980 1.730000 0.965992
v 0.930000 1.744980 0.965992
v 0.944346 1.744346 0.962099
v 0.955992 1.744980 0.940000
v 0.955992 1.730000 0.954980
v 0.952099 1.744346 0.954346
v 0.930000 1.440000 0.840000
v 0.930000 1.470000 0.810000
v 0.960000 1.470000 0.840000
v 0.930000 1.444008 0.825020
v 0.944980 1.444008 0.840000
v 0.944346 1.447901 0.825654
v 0.944980 1.470000 0.814008
v 0.930000 1.455020 0.814008
v 0.944346 1.455654 0.817901
v 0.955992 1.455020 0.840000
v 0.955992 1.470000 0.825020
v 0.952099 1.455654 0.825654
v 0.930000 1.760000 0.840000
v 0.960000 1.730000 0.840000
v 0.930000 1.730000 0.810000
v 0.944980 1.755992 0.840000
v 0.930000 1.755992 0.825020
v 0.944346 1.752099 0.825654
v 0.955992 1.730000 0.825020
v 0.955992 1.744980 0.840000
v 0.952099 1.744346 0.825654
v 0.930000 1.744980 0.814008
v 0.944980 1.730000 0.814008
v 0.944346 1.744346 0.817901
vn -0.2566 -0.9318 0.2566
vn -0.2178 -0.6901 0.6901
vn -0.2566 -0.2566 0.9318
vn -0.6901 -0.2178 0.6901
vn -0.9318 -0.2566 0.2566
vn -0.6901 -0.6901 0.2178
vn -0.5774 -0.5774 0.5773
vn -0.2566 0.2566 0.9318
vn -0.2178 0.6901 0.6901
vn -0.2566 0.9318 0.2566
vn -0.6901 0.6901 0.2178
vn -0.9318 0.2566 0.2566
vn -0.6901 0.2178 0.6901
vn -0.5774 0.5774 0.5773
vn -0.2566 -0.9318 -0.2566
vn -0.6901 -0.6901 -0.2178
vn -0.9318 -0.2566 -0.2566
vn -0.6901 -0.2178 -0.6901
vn -0.2566 -0.2566 -0.9318
vn -0.2178 -0.6901 -0.6901
vn -0.5774 -0.5774 -0.5773
vn -0.2566 0.9318 -0.2566
vn -0.2178 0.6901 -0.6901
vn -0.2566 0.2566 -0.9318
vn -0.6901 0.2178 -0.6901
vn -0.9318 0.2566 -0.2566
vn -0.6901 0.6901 -0.2178
vn -0.5774 0.5774 -0.5773
vn 0.2566 -0.9318 0.2566
vn 0.6901 -0.6901 0.2178
vn 0.9318 -0.2566 0.2566
vn 0.6901 -0.2178 0.6901
vn 0.2566 -0.2566 0.9318
vn 0.2178 -0.6901 0.6901
vn 0.5774 -0.5774 0.5773
vn 0.2566 0.9318 0.2566
vn 0.2178 0.6901 0.6901
vn 0.2566 0.2566 0.9318
vn 0.6901 0.2178 0.6901
vn 0.9318 0.2566 0.2566
vn 0.6901 0.6901 0.2178
vn 0.5774 0.5774 0.5773
vn 0.2566 -0.9318 -0.2566
vn 0.2178 -0.6901 -0.6901
vn 0.2566 -0.2566 -0.9318
vn 0.6901 -0.2178 -0.6901
vn 0.9318 -0.2566 -0.2566
vn 0.6901 -0.6901 -0.2178
vn 0.5774 -0.5774 -0.5773
vn 0.2566 0.9318 -0.2566
vn 0.6901 0.6901 -0.2178
vn 0.9318 0.2566 -0.2566
vn 0.6901 0.2178 -0.6901
vn 0.2566 0.2566 -0.9318
vn 0.2178 0.6901 -0.6901
vn 0.5774 0.5774 -0.5773
vn -0.2585 -0.9660 -0.0000
vn -0.7071 -0.7071 -0.0000
vn -0.9660 -0.2585 -0.0000
vn -0.2585 -0.0000 0.9660
vn -0.7071 -0.0000 0.7071
vn -0.9660 -0.0000 0.2585
vn -0.2585 0.9660 -0.0000
vn -0.7071 0.7071 -0.0000
vn -0.9660 0.2585 -0.0000
vn -0.2585 -0.0000 -0.9660
vn -0.7071 -0.0000 -0.7071
vn -0.9660 -0.0000 -0.2585
vn -0.0000 -0.9660 -0.2585
vn -0.0000 -0.7071 -0.7071
vn -0.0000 -0.2585 -0.9660
vn -0.0000 0.9660 -0.2585
vn -0.0000 0.7071 -0.7071
vn -0.0000 0.2585 -0.9660
vn 0.9660 -0.0000 -0.2585
vn 0.7071 -0.0000 -0.7071
vn 0.2585 -0.0000 -0.9660
vn 0.2585 -0.9660 -0.0000
vn 0.7071 -0.7071 -0.0000
vn 0.9660 -0.2585 -0.0000
vn 0.2585 0.9660 -0.0000
vn 0.7071 0.7071 -0.0000
vn 0.9660 0.2585 -0.0000
vn 0.2585 -0.0000 0.9660
vn 0.7071 -0.0000 0.7071
vn 0.9660 -0.0000 0.2585
vn -0.0000 -0.9660 0.2585
vn -0.0000 -0.7071 0.7071
vn -0.0000 -0.2585 0.9660
vn -0.0000 0.9660 0.2585
vn -0.0000 0.7071 0.7071
vn -0.0000 0.2585 0.9660
vn -0.0000 -1.0000 -0.0000
vn -1.0000 -0.0000 -0.0000
vn -0.0000 -0.0000 1.0000
vn -0.0000 1.0000 -0.0000
vn -0.0000 -0.0000 -1.0000
vn 1.0000 -0.0000 -0.0000
vt 0.339941 0.015261
vt 0.332106 0.014668
vt 0.332437 0.006895
vt 0.339941 0.007154
vt 0.326346 0.013039
vt 0.328382 0.005748
vt 0.149579 0.013594
vt 0.149579 0.005759
vt 0.157082 0.006091
vt 0.157414 0.013594
vt 0.149579 0.000000
vt 0.157082 0.002036
vt 0.498921 0.145689
vt 0.498921 0.152610
vt 0.491418 0.151716
vt 0.491086 0.145095
vt 0.339941 0.000000
vt 0.332437 0.001859
vt 0.013594 0.013594
vt 0.005759 0.013594
vt 0.006091 0.006091
vt 0.013594 0.005759
vt 0.000000 0.013594
vt 0.002036 0.006091
vt 0.471733 0.006922
vt 0.471733 0.000000
vt 0.479236 0.000894
vt 0.479567 0.007515
vt 0.498921 0.000000
vt 0.498921 0.007154
vt 0.491418 0.006895
vt 0.491418 0.001859
vt 0.498921 0.015262
vt 0.491086 0.014668
vt 0.485327 0.013039
vt 0.487363 0.005748
vt 0.392242 0.015261
vt 0.392242 0.007154
vt 0.399746 0.006895
vt 0.400077 0.014668
vt 0.392242 0.000000
vt 0.399746 0.001859
vt 0.551223 0.145689
vt 0.559058 0.145095
vt 0.558726 0.151716
vt 0.551223 0.152610
vt 0.312752 1.000000
vt 0.312752 0.994241
vt 0.320255 0.993909
vt 0.320255 0.997964
vt 0.312752 0.986406
vt 0.320587 0.986406
vt 0.405837 0.013039
vt 0.403800 0.005748
vt 0.419431 0.006922
vt 0.411596 0.007515
vt 0.411927 0.000894
vt 0.419431 0.000000
vt 0.163173 0.986406
vt 0.168932 0.986406
vt 0.169264 0.993909
vt 0.165209 0.993909
vt 0.176767 0.986406
vt 0.176767 0.994241
vt 0.564817 0.013039
vt 0.559058 0.014668
vt 0.558726 0.006895
vt 0.562781 0.005748
vt 0.551223 0.015262
vt 0.551223 0.007154
vt 0.551223 0.000000
vt 0.558726 0.001859
vt 0.339941 0.948317
vt 0.339941 0.955239
vt 0.332437 0.954344
vt 0.332106 0.947724
vt 0.551223 0.305221
vt 0.551223 0.298067
vt 0.558726 0.298325
vt 0.558726 0.303361
vt 0.551223 0.289959
vt 0.559058 0.290552
vt 0.564817 0.292182
vt 0.562781 0.299472
vt 0.149579 0.986406
vt 0.157414 0.986406
vt 0.157082 0.993909
vt 0.149579 0.994241
vt 0.163173 0.986406
vt 0.161137 0.993909
vt 0.471733 0.939977
vt 0.479567 0.940570
vt 0.479236 0.948343
vt 0.471733 0.948085
vt 0.485327 0.942200
vt 0.483291 0.949490
vt 0.013594 0.986406
vt 0.013594 0.994241
vt 0.006091 0.993909
vt 0.005759 0.986406
vt 0.013594 1.000000
vt 0.006091 0.997964
vt 0.551223 0.159532
vt 0.558726 0.153504
vt 0.559058 0.160125
vt 0.471733 0.955239
vt 0.479236 0.953379
vt 0.392242 0.948317
vt 0.400077 0.947724
vt 0.399746 0.954344
vt 0.392242 0.955239
vt 0.326346 0.013594
vt 0.320587 0.013594
vt 0.320255 0.006091
vt 0.324310 0.006091
vt 0.312752 0.013594
vt 0.312752 0.005759
vt 0.485327 0.292182
vt 0.491086 0.290552
vt 0.491418 0.298325
vt 0.487363 0.299472
vt 0.498921 0.289959
vt 0.498921 0.298067
vt 0.498921 0.305221
vt 0.491418 0.303361
vt 0.419431 0.939977
vt 0.419431 0.948085
vt 0.411927 0.948343
vt 0.411596 0.940570
vt 0.419431 0.955239
vt 0.411927 0.953379
vt 0.498921 0.159532
vt 0.491086 0.160125
vt 0.491418 0.153504
vt 0.176767 -0.000000
vt 0.176767 0.005759
vt 0.169264 0.006091
vt 0.169264 0.002036
vt 0.176767 0.013594
vt 0.168933 0.013594
vt 0.405837 0.942200
vt 0.407873 0.949490
vt 0.013594 0.000000
vt 0.176767 1.000000
vt 0.326346 0.986406
vt 0.163173 0.013594
vt 0.312752 -0.000000
vt 0.149579 1.000000
vt 0.163173 0.013594
vt 0.000000 0.986406
s 0
usemtl Light_Stained_Pine
f 385/605/393 388/606/393 390/607/393 389/608/393
f 388/606/394 392/609/394 393/610/394 390/607/394
f 386/611/395 391/612/395 393/613/395 392/614/395
f 391/612/396 395/615/396 396/616/396 393/613/396
f 387/617/397 394/618/397 396/619/397 395/620/397
f 394/621/398 389/608/398 390/607/398 396/622/398
f 390/607/399 393/610/399 396/622/399
f 397/623/400 400/624/400 402/625/400 401/626/400
f 400/624/401 404/627/401 405/628/401 402/625/401
f 398/629/402 403/630/402 405/631/402 404/632/402
f 403/633/403 407/634/403 408/635/403 405/636/403
f 399/637/404 406/638/404 408/635/404 407/634/404
f 406/638/405 401/639/405 402/640/405 408/635/405
f 402/640/406 405/636/406 408/635/406
f 409/641/407 412/642/407 414/643/407 413/644/407
f 412/642/408 416/645/408 417/646/408 414/643/408
f 410/647/409 415/648/409 417/649/409 416/650/409
f 415/651/410 419/652/410 420/653/410 417/654/410
f 411/655/411 418/656/411 420/653/411 419/652/411
f 418/657/412 413/644/412 414/643/412 420/658/412
f 414/643/413 417/646/413 420/658/413
f 421/659/414 424/660/414 426/661/414 425/662/414
f 424/663/415 428/664/415 429/665/415 426/666/415
f 422/667/416 427/668/416 429/665/416 428/664/416
f 427/669/417 431/670/417 432/671/417 429/672/417
f 423/673/418 430/674/418 432/671/418 431/670/418
f 430/674/419 425/675/419 426/676/419 432/671/419
f 426/676/420 429/672/420 432/671/420
f 433/677/421 436/678/421 438/679/421 437/680/421
f 436/681/422 440/682/422 441/683/422 438/684/422
f 434/685/423 439/686/423 441/683/423 440/682/423
f 439/686/424 443/687/424 444/688/424 441/683/424
f 435/689/425 442/690/425 444/691/425 443/692/425
f 442/690/426 437/693/426 438/694/426 444/691/426
f 438/684/427 441/683/427 444/688/427
f 445/695/428 448/696/428 450/697/428 449/698/428
f 448/696/429 452/699/429 453/700/429 450/697/429
f 446/701/430 451/702/430 453/703/430 452/704/430
f 451/702/431 455/705/431 456/706/431 453/703/431
f 447/707/432 454/650/432 456/708/432 455/709/432
f 454/710/433 449/698/433 450/697/433 456/711/433
f 450/697/434 453/700/434 456/711/434
f 457/712/435 460/713/435 462/714/435 461/715/435
f 460/716/436 464/717/436 465/718/436 462/719/436
f 458/720/437 463/721/437 465/718/437 464/717/437
f 463/722/438 467/723/438 468/724/438 465/725/438
f 459/726/439 466/727/439 468/724/439 467/723/439
f 466/727/440 461/728/440 462/729/440 468/724/440
f 462/729/441 465/725/441 468/724/441
f 469/730/442 472/731/442 474/732/442 473/733/442
f 472/731/443 476/734/443 477/735/443 474/732/443
f 470/736/444 475/737/444 477/738/444 476/618/444
f 475/739/445 479/740/445 480/741/445 477/742/445
f 471/743/446 478/744/446 480/741/446 479/740/446
f 478/745/447 473/733/447 474/732/447 480/746/447
f 474/732/448 477/735/448 480/746/448
f 409/641/449 385/605/449 389/608/449 412/642/449
f 412/642/450 389/608/450 394/621/450 416/645/450
f 416/650/451 394/618/451 387/617/451 410/647/451
f 386/611/452 397/623/452 401/626/452 391/612/452
f 391/612/453 401/626/453 406/747/453 395/615/453
f 395/620/454 406/638/454 399/637/454 387/617/454
f 398/629/455 421/659/455 425/662/455 403/630/455
f 403/633/456 425/675/456 430/674/456 407/634/456
f 407/634/457 430/674/457 423/673/457 399/637/457
f 422/667/458 411/655/458 419/652/458 427/668/458
f 427/668/459 419/652/459 415/651/459 431/748/459
f 431/670/460 415/648/460 410/647/460 423/673/460
f 457/712/461 409/641/461 413/644/461 460/713/461
f 460/716/462 413/749/462 418/656/462 464/717/462
f 464/717/463 418/656/463 411/655/463 458/720/463
f 421/659/464 469/730/464 473/733/464 424/660/464
f 424/663/465 473/750/465 478/744/465 428/664/465
f 428/664/466 478/744/466 471/743/466 422/667/466
f 470/736/467 459/726/467 467/723/467 475/737/467
f 475/739/468 467/751/468 463/721/468 479/740/468
f 479/740/469 463/721/469 458/720/469 471/743/469
f 433/677/470 457/712/470 461/715/470 436/678/470
f 436/681/471 461/728/471 466/727/471 440/682/471
f 440/682/472 466/727/472 459/726/472 434/685/472
f 469/730/473 445/695/473 449/698/473 472/731/473
f 472/731/474 449/698/474 454/710/474 476/734/474
f 476/618/475 454/650/475 447/707/475 470/736/475
f 446/701/476 435/689/476 443/692/476 451/702/476
f 451/702/477 443/692/477 439/752/477 455/705/477
f 455/709/478 439/686/478 434/685/478 447/707/478
f 385/605/479 433/677/479 437/680/479 388/606/479
f 388/753/480 437/693/480 442/690/480 392/614/480
f 392/614/481 442/690/481 435/689/481 386/611/481
f 445/695/482 398/629/482 404/632/482 448/696/482
f 448/754/483 404/627/483 400/624/483 452/704/483
f 452/704/484 400/624/484 397/623/484 446/701/484
f 409/641/485 457/712/485 433/677/485 385/605/485
f 387/617/486 399/637/486 423/673/486 410/647/486
f 435/689/487 446/701/487 397/623/487 386/611/487
f 469/730/488 421/659/488 398/629/488 445/695/488
f 411/655/489 422/667/489 471/743/489 458/720/489
f 459/726/490 470/736/490 447/707/490 434/685/490
o Back_Apron
v -0.930000 1.440000 -0.840000
v -0.930000 1.470000 -0.810000
v -0.960000 1.470000 -0.840000
v -0.930000 1.444008 -0.825020
v -0.944980 1.444008 -0.840000
v -0.944346 1.447901 -0.825654
v -0.944980 1.470000 -0.814008
v -0.930000 1.455020 -0.814008
v -0.944346 1.455654 -0.817901
v -0.955992 1.455020 -0.840000
v -0.955992 1.470000 -0.825020
v -0.952099 1.455654 -0.825654
v -0.930000 1.730000 -0.810000
v -0.930000 1.760000 -0.840000
v -0.960000 1.730000 -0.840000
v -0.930000 1.744980 -0.814008
v -0.944980 1.730000 -0.814008
v -0.944346 1.744346 -0.817901
v -0.944980 1.755992 -0.840000
v -0.930000 1.755992 -0.825020
v -0.944346 1.752099 -0.825654
v -0.955992 1.730000 -0.825020
v -0.955992 1.744980 -0.840000
v -0.952099 1.744346 -0.825654
v -0.930000 1.440000 -0.940000
v -0.960000 1.470000 -0.940000
v -0.930000 1.470000 -0.970000
v -0.944980 1.444008 -0.940000
v -0.930000 1.444008 -0.954980
v -0.944346 1.447901 -0.954346
v -0.955992 1.470000 -0.954980
v -0.955992 1.455020 -0.940000
v -0.952099 1.455654 -0.954346
v -0.930000 1.455020 -0.965992
v -0.944980 1.470000 -0.965992
v -0.944346 1.455654 -0.962099
v -0.930000 1.760000 -0.940000
v -0.930000 1.730000 -0.970000
v -0.960000 1.730000 -0.940000
v -0.930000 1.755992 -0.954980
v -0.944980 1.755992 -0.940000
v -0.944346 1.752099 -0.954346
v -0.944980 1.730000 -0.965992
v -0.930000 1.744980 -0.965992
v -0.944346 1.744346 -0.962099
v -0.955992 1.744980 -0.940000
v -0.955992 1.730000 -0.954980
v -0.952099 1.744346 -0.954346
v 0.930000 1.440000 -0.840000
v 0.960000 1.470000 -0.840000
v 0.930000 1.470000 -0.810000
v 0.944980 1.444008 -0.840000
v 0.930000 1.444008 -0.825020
v 0.944346 1.447901 -0.825654
v 0.955992 1.470000 -0.825020
v 0.955992 1.455020 -0.840000
v 0.952099 1.455654 -0.825654
v 0.930000 1.455020 -0.814008
v 0.944980 1.470000 -0.814008
v 0.944346 1.455654 -0.817901
v 0.930000 1.760000 -0.840000
v 0.930000 1.730000 -0.810000
v 0.960000 1.730000 -0.840000
v 0.930000 1.755992 -0.825020
v 0.944980 1.755992 -0.840000
v 0.944346 1.752099 -0.825654
v 0.944980 1.730000 -0.814008
v 0.930000 1.744980 -0.814008
v 0.944346 1.744346 -0.817901
v 0.955992 1.744980 -0.840000
v 0.955992 1.730000 -0.825020
v 0.952099 1.744346 -0.825654
v 0.930000 1.440000 -0.940000
v 0.930000 1.470000 -0.970000
v 0.960000 1.470000 -0.940000
v 0.930000 1.444008 -0.954980
v 0.944980 1.444008 -0.940000
v 0.944346 1.447901 -0.954346
v 0.944980 1.470000 -0.965992
v 0.930000 1.455020 -0.965992
v 0.944346 1.455654 -0.962099
v 0.955992 1.455020 -0.940000
v 0.955992 1.470000 -0.954980
v 0.952099 1.455654 -0.954346
v 0.930000 1.760000 -0.940000
v 0.960000 1.730000 -0.940000
v 0.930000 1.730000 -0.970000
v 0.944980 1.755992 -0.940000
v 0.930000 1.755992 -0.954980
v 0.944346 1.752099 -0.954346
v 0.955992 1.730000 -0.954980
v 0.955992 1.744980 -0.940000
v 0.952099 1.744346 -0.954346
v 0.930000 1.744980 -0.965992
v 0.944980 1.730000 -0.965992
v 0.944346 1.744346 -0.962099
vn -0.2566 -0.9318 0.2566
vn -0.2178 -0.6901 0.6901
vn -0.2566 -0.2566 0.9318
vn -0.6901 -0.2178 0.6901
vn -0.9318 -0.2566 0.2566
vn -0.6901 -0.6901 0.2178
vn -0.5774 -0.5774 0.5773
vn -0.2566 0.2566 0.9318
vn -0.2178 0.6901 0.6901
vn -0.2566 0.9318 0.2566
vn -0.6901 0.6901 0.2178
vn -0.9318 0.2566 0.2566
vn -0.6901 0.2178 0.6901
vn -0.5774 0.5774 0.5773
vn -0.2566 -0.9318 -0.2566
vn -0.6901 -0.6901 -0.2178
vn -0.9318 -0.2566 -0.2566
vn -0.6901 -0.2178 -0.6901
vn -0.2566 -0.2566 -0.9318
vn -0.2178 -0.6901 -0.6901
vn -0.5774 -0.5774 -0.5773
vn -0.2566 0.9318 -0.2566
vn -0.2178 0.6901 -0.6901
vn -0.2566 0.2566 -0.9318
vn -0.6901 0.2178 -0.6901
vn -0.9318 0.2566 -0.2566
vn -0.6901 0.6901 -0.2178
vn -0.5774 0.5774 -0.5773
vn 0.2566 -0.9318 0.2566
vn 0.6901 -0.6901 0.2178
vn 0.9318 -0.2566 0.2566
vn 0.6901 -0.2178 0.6901
vn 0.2566 -0.2566 0.9318
vn 0.2178 -0.6901 0.6901
vn 0.5774 -0.5774 0.5773
vn 0.2566 0.9318 0.2566
vn 0.2178 0.6901 0.6901
vn 0.2566 0.2566 0.9318
vn 0.6901 0.2178 0.6901
vn 0.9318 0.2566 0.2566
vn 0.6901 0.6901 0.2178
vn 0.5774 0.5774 0.5773
vn 0.2566 -0.9318 -0.2566
vn 0.2178 -0.6901 -0.6901
vn 0.2566 -0.2566 -0.9318
vn 0.6901 -0.2178 -0.6901
vn 0.9318 -0.2566 -0.2566
vn 0.6901 -0.6901 -0.2178
vn 0.5774 -0.5774 -0.5773
vn 0.2566 0.9318 -0.2566
vn 0.6901 0.6901 -0.2178
vn 0.9318 0.2566 -0.2566
vn 0.6901 0.2178 -0.6901
vn 0.2566 0.2566 -0.9318
vn 0.2178 0.6901 -0.6901
vn 0.5774 0.5774 -0.5773
vn -0.2585 -0.9660 -0.0000
vn -0.7071 -0.7071 -0.0000
vn -0.9660 -0.2585 -0.0000
vn -0.2585 -0.0000 0.9660
vn -0.7071 -0.0000 0.7071
vn -0.9660 -0.0000 0.2585
vn -0.2585 0.9660 -0.0000
vn -0.7071 0.7071 -0.0000
vn -0.9660 0.2585 -0.0000
vn -0.2585 -0.0000 -0.9660
vn -0.7071 -0.0000 -0.7071
vn -0.9660 -0.0000 -0.2585
vn -0.0000 -0.9660 -0.2585
vn -0.0000 -0.7071 -0.7071
vn -0.0000 -0.2585 -0.9660
vn -0.0000 0.9660 -0.2585
vn -0.0000 0.7071 -0.7071
vn -0.0000 0.2585 -0.9660
vn 0.9660 -0.0000 -0.2585
vn 0.7071 -0.0000 -0.7071
vn 0.2585 -0.0000 -0.9660
vn 0.2585 -0.9660 -0.0000
vn 0.7071 -0.7071 -0.0000
vn 0.9660 -0.2585 -0.0000
vn 0.2585 0.9660 -0.0000
vn 0.7071 0.7071 -0.0000
vn 0.9660 0.2585 -0.0000
vn 0.2585 -0.0000 0.9660
vn 0.7071 -0.0000 0.7071
vn 0.9660 -0.0000 0.2585
vn -0.0000 -0.9660 0.2585
vn -0.0000 -0.7071 0.7071
vn -0.0000 -0.2585 0.9660
vn -0.0000 0.9660 0.2585
vn -0.0000 0.7071 0.7071
vn -0.0000 0.2585 0.9660
vn -0.0000 -1.0000 -0.0000
vn -1.0000 -0.0000 -0.0000
vn -0.0000 -0.0000 1.0000
vn -0.0000 1.0000 -0.0000
vn -0.0000 -0.0000 -1.0000
vn 1.0000 -0.0000 -0.0000
vt 0.339941 0.015261
vt 0.332106 0.014668
vt 0.332437 0.006895
vt 0.339941 0.007154
vt 0.326346 0.013039
vt 0.328382 0.005748
vt 0.149579 0.013594
vt 0.149579 0.005759
vt 0.157082 0.006091
vt 0.157414 0.013594
vt 0.149579 0.000000
vt 0.157082 0.002036
vt 0.498921 0.145689
vt 0.498921 0.152610
vt 0.491418 0.151716
vt 0.491086 0.145095
vt 0.339941 0.000000
vt 0.332437 0.001859
vt 0.013594 0.013594
vt 0.005759 0.013594
vt 0.006091 0.006091
vt 0.013594 0.005759
vt 0.000000 0.013594
vt 0.002036 0.006091
vt 0.471733 0.006922
vt 0.471733 0.000000
vt 0.479236 0.000894
vt 0.479567 0.007515
vt 0.498921 0.000000
vt 0.498921 0.007154
vt 0.491418 0.006895
vt 0.491418 0.001859
vt 0.498921 0.015262
vt 0.491086 0.014668
vt 0.485327 0.013039
vt 0.487363 0.005748
vt 0.392242 0.015261
vt 0.392242 0.007154
vt 0.399746 0.006895
vt 0.400077 0.014668
vt 0.392242 0.000000
vt 0.399746 0.001859
vt 0.551223 0.145689
vt 0.559058 0.145095
vt 0.558726 0.151716
vt 0.551223 0.152610
vt 0.312752 1.000000
vt 0.312752 0.994241
vt 0.320255 0.993909
vt 0.320255 0.997964
vt 0.312752 0.986406
vt 0.320587 0.986406
vt 0.405837 0.013039
vt 0.403800 0.005748
vt 0.419431 0.006922
vt 0.411596 0.007515
vt 0.411927 0.000894
vt 0.419431 0.000000
vt 0.163173 0.986406
vt 0.168932 0.986406
vt 0.169264 0.993909
vt 0.165209 0.993909
vt 0.176767 0.986406
vt 0.176767 0.994241
vt 0.564817 0.013039
vt 0.559058 0.014668
vt 0.558726 0.006895
vt 0.562781 0.005748
vt 0.551223 0.015262
vt 0.551223 0.007154
vt 0.551223 0.000000
vt 0.558726 0.001859
vt 0.339941 0.948317
vt 0.339941 0.955239
vt 0.332437 0.954344
vt 0.332106 0.947724
vt 0.551223 0.305221
vt 0.551223 0.298067
vt 0.558726 0.298325
vt 0.558726 0.303361
vt 0.551223 0.289959
vt 0.559058 0.290552
vt 0.564817 0.292182
vt 0.562781 0.299472
vt 0.149579 0.986406
vt 0.157414 0.986406
vt 0.157082 0.993909
vt 0.149579 0.994241
vt 0.163173 0.986406
vt 0.161137 0.993909
vt 0.471733 0.939977
vt 0.479567 0.940570
vt 0.479236 0.948343
vt 0.471733 0.948085
vt 0.485327 0.942200
vt 0.483291 0.949490
vt 0.013594 0.986406
vt 0.013594 0.994241
vt 0.006091 0.993909
vt 0.005759 0.986406
vt 0.013594 1.000000
vt 0.006091 0.997964
vt 0.551223 0.159532
vt 0.558726 0.153504
vt 0.559058 0.160125
vt 0.471733 0.955239
vt 0.479236 0.953379
vt 0.392242 0.948317
vt 0.400077 0.947724
vt 0.399746 0.954344
vt 0.392242 0.955239
vt 0.326346 0.013594
vt 0.320587 0.013594
vt 0.320255 0.006091
vt 0.324310 0.006091
vt 0.312752 0.013594
vt 0.312752 0.005759
vt 0.485327 0.292182
vt 0.491086 0.290552
vt 0.491418 0.298325
vt 0.487363 0.299472
vt 0.498921 0.289959
vt 0.498921 0.298067
vt 0.498921 0.305221
vt 0.491418 0.303361
vt 0.419431 0.939977
vt 0.419431 0.948085
vt 0.411927 0.948343
vt 0.411596 0.940570
vt 0.419431 0.955239
vt 0.411927 0.953379
vt 0.498921 0.159532
vt 0.491086 0.160125
vt 0.491418 0.153504
vt 0.176767 -0.000000
vt 0.176767 0.005759
vt 0.169264 0.006091
vt 0.169264 0.002036
vt 0.176767 0.013594
vt 0.168933 0.013594
vt 0.405837 0.942200
vt 0.407873 0.949490
vt 0.013594 0.000000
vt 0.176767 1.000000
vt 0.326346 0.986406
vt 0.163173 0.013594
vt 0.312752 -0.000000
vt 0.149579 1.000000
vt 0.163173 0.013594
vt 0.000000 0.986406
s 0
usemtl Light_Stained_Pine
f 481/755/491 484/756/491 486/757/491 485/758/491
f 484/756/492 488/759/492 489/760/492 486/757/492
f 482/761/493 487/762/493 489/763/493 488/764/493
f 487/762/494 491/765/494 492/766/494 489/763/494
f 483/767/495 490/768/495 492/769/495 491/770/495
f 490/771/496 485/758/496 486/757/496 492/772/496
f 486/757/497 489/760/497 492/772/497
f 493/773/498 496/774/498 498/775/498 497/776/498
f 496/774/499 500/777/499 501/778/499 498/775/499
f 494/779/500 499/780/500 501/781/500 500/782/500
f 499/783/501 503/784/501 504/785/501 501/786/501
f 495/787/502 502/788/502 504/785/502 503/784/502
f 502/788/503 497/789/503 498/790/503 504/785/503
f 498/790/504 501/786/504 504/785/504
f 505/791/505 508/792/505 510/793/505 509/794/505
f 508/792/506 512/795/506 513/796/506 510/793/506
f 506/797/507 511/798/507 513/799/507 512/800/507
f 511/801/508 515/802/508 516/803/508 513/804/508
f 507/805/509 514/806/509 516/803/509 515/802/509
f 514/807/510 509/794/510 510/793/510 516/808/510
f 510/793/511 513/796/511 516/808/511
f 517/809/512 520/810/512 522/811/512 521/812/512
f 520/813/513 524/814/513 525/815/513 522/816/513
f 518/817/514 523/818/514 525/815/514 524/814/514
f 523/819/515 527/820/515 528/821/515 525/822/515
f 519/823/516 526/824/516 528/821/516 527/820/516
f 526/824/517 521/825/517 522/826/517 528/821/517
f 522/826/518 525/822/518 528/821/518
f 529/827/519 532/828/519 534/829/519 533/830/519
f 532/831/520 536/832/520 537/833/520 534/834/520
f 530/835/521 535/836/521 537/833/521 536/832/521
f 535/836/522 539/837/522 540/838/522 537/833/522
f 531/839/523 538/840/523 540/841/523 539/842/523
f 538/840/524 533/843/524 534/844/524 540/841/524
f 534/834/525 537/833/525 540/838/525
f 541/845/526 544/846/526 546/847/526 545/848/526
f 544/846/527 548/849/527 549/850/527 546/847/527
f 542/851/528 547/852/528 549/853/528 548/854/528
f 547/852/529 551/855/529 552/856/529 549/853/529
f 543/857/530 550/800/530 552/858/530 551/859/530
f 550/860/531 545/848/531 546/847/531 552/861/531
f 546/847/532 549/850/532 552/861/532
f 553/862/533 556/863/533 558/864/533 557/865/533
f 556/866/534 560/867/534 561/868/534 558/869/534
f 554/870/535 559/871/535 561/868/535 560/867/535
f 559/872/536 563/873/536 564/874/536 561/875/536
f 555/876/537 562/877/537 564/874/537 563/873/537
f 562/877/538 557/878/538 558/879/538 564/874/538
f 558/879/539 561/875/539 564/874/539
f 565/880/540 568/881/540 570/882/540 569/883/540
f 568/881/541 572/884/541 573/885/541 570/882/541
f 566/886/542 571/887/542 573/888/542 572/768/542
f 571/889/543 575/890/543 576/891/543 573/892/543
f 567/893/544 574/894/544 576/891/544 575/890/544
f 574/895/545 569/883/545 570/882/545 576/896/545
f 570/882/546 573/885/546 576/896/546
f 505/791/547 481/755/547 485/758/547 508/792/547
f 508/792/548 485/758/548 490/771/548 512/795/548
f 512/800/549 490/768/549 483/767/549 506/797/549
f 482/761/550 493/773/550 497/776/550 487/762/550
f 487/762/551 497/776/551 502/897/551 491/765/551
f 491/770/552 502/788/552 495/787/552 483/767/552
f 494/779/553 517/809/553 521/812/553 499/780/553
f 499/783/554 521/825/554 526/824/554 503/784/554
f 503/784/555 526/824/555 519/823/555 495/787/555
f 518/817/556 507/805/556 515/802/556 523/818/556
f 523/818/557 515/802/557 511/801/557 527/898/557
f 527/820/558 511/798/558 506/797/558 519/823/558
f 553/862/559 505/791/559 509/794/559 556/863/559
f 556/866/560 509/899/560 514/806/560 560/867/560
f 560/867/561 514/806/561 507/805/561 554/870/561
f 517/809/562 565/880/562 569/883/562 520/810/562
f 520/813/563 569/900/563 574/894/563 524/814/563
f 524/814/564 574/894/564 567/893/564 518/817/564
f 566/886/565 555/876/565 563/873/565 571/887/565
f 571/889/566 563/901/566 559/871/566 575/890/566
f 575/890/567 559/871/567 554/870/567 567/893/567
f 529/827/568 553/862/568 557/865/568 532/828/568
f 532/831/569 557/878/569 562/877/569 536/832/569
f 536/832/570 562/877/570 555/876/570 530/835/570
f 565/880/571 541/845/571 545/848/571 568/881/571
f 568/881/572 545/848/572 550/860/572 572/884/572
f 572/768/573 550/800/573 543/857/573 566/886/573
f 542/851/574 531/839/574 539/842/574 547/852/574
f 547/852/575 539/842/575 535/902/575 551/855/575
f 551/859/576 535/836/576 530/835/576 543/857/576
f 481/755/577 529/827/577 533/830/577 484/756/577
f 484/903/578 533/843/578 538/840/578 488/764/578
f 488/764/579 538/840/579 531/839/579 482/761/579
f 541/845/580 494/779/580 500/782/580 544/846/580
f 544/904/581 500/777/581 496/774/581 548/854/581
f 548/854/582 496/774/582 493/773/582 542/851/582
f 505/791/583 553/862/583 529/827/583 481/755/583
f 483/767/584 495/787/584 519/823/584 506/797/584
f 531/839/585 542/851/585 493/773/585 482/761/585
f 565/880/586 517/809/586 494/779/586 541/845/586
f 507/805/587 518/817/587 567/893/587 554/870/587
f 555/876/588 566/886/588 543/857/588 530/835/588
o Left_Apron
v -1.060000 1.440000 0.780000
v -1.060000 1.470000 0.810000
v -1.090000 1.470000 0.780000
v -1.060000 1.444008 0.794980
v -1.074980 1.444008 0.780000
v -1.074346 1.447901 0.794346
v -1.074980 1.470000 0.805992
v -1.060000 1.455020 0.805992
v -1.074346 1.455654 0.802099
v -1.085992 1.455020 0.780000
v -1.085992 1.470000 0.794980
v -1.082099 1.455654 0.794346
v -1.060000 1.730000 0.810000
v -1.060000 1.760000 0.780000
v -1.090000 1.730000 0.780000
v -1.060000 1.744980 0.805992
v -1.074980 1.730000 0.805992
v -1.074346 1.744346 0.802099
v -1.074980 1.755992 0.780000
v -1.060000 1.755992 0.794980
v -1.074346 1.752099 0.794346
v -1.085992 1.730000 0.794980
v -1.085992 1.744980 0.780000
v -1.082099 1.744346 0.794346
v -1.060000 1.440000 -0.780000
v -1.090000 1.470000 -0.780000
v -1.060000 1.470000 -0.810000
v -1.074980 1.444008 -0.780000
v -1.060000 1.444008 -0.794980
v -1.074346 1.447901 -0.794346
v -1.085992 1.470000 -0.794980
v -1.085992 1.455020 -0.780000
v -1.082099 1.455654 -0.794346
v -1.060000 1.455020 -0.805992
v -1.074980 1.470000 -0.805992
v -1.074346 1.455654 -0.802099
v -1.060000 1.760000 -0.780000
v -1.060000 1.730000 -0.810000
v -1.090000 1.730000 -0.780000
v -1.060000 1.755992 -0.794980
v -1.074980 1.755992 -0.780000
v -1.074346 1.752099 -0.794346
v -1.074980 1.730000 -0.805992
v -1.060000 1.744980 -0.805992
v -1.074346 1.744346 -0.802099
v -1.085992 1.744980 -0.780000
v -1.085992 1.730000 -0.794980
v -1.082099 1.744346 -0.794346
v -0.960000 1.440000 0.780000
v -0.930000 1.470000 0.780000
v -0.960000 1.470000 0.810000
v -0.945020 1.444008 0.780000
v -0.960000 1.444008 0.794980
v -0.945654 1.447901 0.794346
v -0.934008 1.470000 0.794980
v -0.934008 1.455020 0.780000
v -0.937901 1.455654 0.794346
v -0.960000 1.455020 0.805992
v -0.945020 1.470000 0.805992
v -0.945654 1.455654 0.802099
v -0.960000 1.760000 0.780000
v -0.960000 1.730000 0.810000
v -0.930000 1.730000 0.780000
v -0.960000 1.755992 0.794980
v -0.945020 1.755992 0.780000
v -0.945654 1.752099 0.794346
v -0.945020 1.730000 0.805992
v -0.960000 1.744980 0.805992
v -0.945654 1.744346 0.802099
v -0.934008 1.744980 0.780000
v -0.934008 1.730000 0.794980
v -0.937901 1.744346 0.794346
v -0.960000 1.440000 -0.780000
v -0.960000 1.470000 -0.810000
v -0.930000 1.470000 -0.780000
v -0.960000 1.444008 -0.794980
v -0.945020 1.444008 -0.780000
v -0.945654 1.447901 -0.794346
v -0.945020 1.470000 -0.805992
v -0.960000 1.455020 -0.805992
v -0.945654 1.455654 -0.802099
v -0.934008 1.455020 -0.780000
v -0.934008 1.470000 -0.794980
v -0.937901 1.455654 -0.794346
v -0.960000 1.760000 -0.780000
v -0.930000 1.730000 -0.780000
v -0.960000 1.730000 -0.810000
v -0.945020 1.755992 -0.780000
v -0.960000 1.755992 -0.794980
v -0.945654 1.752099 -0.794346
v -0.934008 1.730000 -0.794980
v -0.934008 1.744980 -0.780000
v -0.937901 1.744346 -0.794346
v -0.960000 1.744980 -0.805992
v -0.945020 1.730000 -0.805992
v -0.945654 1.744346 -0.802099
vn -0.2566 -0.9318 0.2566
vn -0.2178 -0.6901 0.6901
vn -0.2566 -0.2566 0.9318
vn -0.6901 -0.2178 0.6901
vn -0.9318 -0.2566 0.2566
vn -0.6901 -0.6901 0.2178
vn -0.5773 -0.5774 0.5773
vn -0.2566 0.2566 0.9318
vn -0.2178 0.6901 0.6901
vn -0.2566 0.9318 0.2566
vn -0.6901 0.6901 0.2178
vn -0.9318 0.2566 0.2566
vn -0.6901 0.2178 0.6901
vn -0.5773 0.5774 0.5773
vn -0.2566 -0.9318 -0.2566
vn -0.6901 -0.6901 -0.2178
vn -0.9318 -0.2566 -0.2566
vn -0.6901 -0.2178 -0.6901
vn -0.2566 -0.2566 -0.9318
vn -0.2178 -0.6901 -0.6901
vn -0.5773 -0.5774 -0.5773
vn -0.2566 0.9318 -0.2566
vn -0.2178 0.6901 -0.6901
vn -0.2566 0.2566 -0.9318
vn -0.6901 0.2178 -0.6901
vn -0.9318 0.2566 -0.2566
vn -0.6901 0.6901 -0.2178
vn -0.5773 0.5774 -0.5773
vn 0.2566 -0.9318 0.2566
vn 0.6901 -0.6901 0.2178
vn 0.9318 -0.2566 0.2566
vn 0.6901 -0.2178 0.6901
vn 0.2566 -0.2566 0.9318
vn 0.2178 -0.6901 0.6901
vn 0.5773 -0.5774 0.5773
vn 0.2566 0.9318 0.2566
vn 0.2178 0.6901 0.6901
vn 0.2566 0.2566 0.9318
vn 0.6901 0.2178 0.6901
vn 0.9318 0.2566 0.2566
vn 0.6901 0.6901 0.2178
vn 0.5773 0.5774 0.5773
vn 0.2566 -0.9318 -0.2566
vn 0.2178 -0.6901 -0.6901
vn 0.2566 -0.2566 -0.9318
vn 0.6901 -0.2178 -0.6901
vn 0.9318 -0.2566 -0.2566
vn 0.6901 -0.6901 -0.2178
vn 0.5773 -0.5774 -0.5773
vn 0.2566 0.9318 -0.2566
vn 0.6901 0.6901 -0.2178
vn 0.9318 0.2566 -0.2566
vn 0.6901 0.2178 -0.6901
vn 0.2566 0.2566 -0.9318
vn 0.2178 0.6901 -0.6901
vn 0.5773 0.5774 -0.5773
vn -0.2585 -0.9660 -0.0000
vn -0.7071 -0.7071 -0.0000
vn -0.9660 -0.2585 -0.0000
vn -0.2584 -0.0000 0.9660
vn -0.7071 -0.0000 0.7071
vn -0.9660 -0.0000 0.2585
vn -0.2585 0.9660 -0.0000
vn -0.7071 0.7071 -0.0000
vn -0.9660 0.2585 -0.0000
vn -0.2584 -0.0000 -0.9660
vn -0.7071 -0.0000 -0.7071
vn -0.9660 -0.0000 -0.2585
vn -0.0000 -0.9660 -0.2585
vn -0.0000 -0.7071 -0.7071
vn -0.0000 -0.2584 -0.9660
vn -0.0000 0.9660 -0.2585
vn -0.0000 0.7071 -0.7071
vn -0.0000 0.2584 -0.9660
vn 0.9660 -0.0000 -0.2585
vn 0.7071 -0.0000 -0.7071
vn 0.2584 -0.0000 -0.9660
vn 0.2585 -0.9660 -0.0000
vn 0.7071 -0.7071 -0.0000
vn 0.9660 -0.2585 -0.0000
vn 0.2585 0.9660 -0.0000
vn 0.7071 0.7071 -0.0000
vn 0.9660 0.2585 -0.0000
vn 0.2584 -0.0000 0.9660
vn 0.7071 -0.0000 0.7071
vn 0.9660 -0.0000 0.2585
vn -0.0000 -0.9660 0.2585
vn -0.0000 -0.7071 0.7071
vn -0.0000 -0.2584 0.9660
vn -0.0000 0.9660 0.2585
vn -0.0000 0.7071 0.7071
vn -0.0000 0.2584 0.9660
vn -0.0000 -1.0000 -0.0000
vn -1.0000 -0.0000 -0.0000
vn -0.0000 -0.0000 1.0000
vn -0.0000 1.0000 -0.0000
vn -0.0000 -0.0000 -1.0000
vn 1.0000 -0.0000 -0.0000
vt 0.492636 0.977044
vt 0.491932 0.986338
vt 0.482713 0.985944
vt 0.483019 0.977045
vt 0.638505 0.366643
vt 0.638505 0.358158
vt 0.647405 0.358464
vt 0.647405 0.364438
vt 0.638505 0.348541
vt 0.647798 0.349245
vt 0.654630 0.351178
vt 0.652214 0.359825
vt 0.370957 0.983876
vt 0.380250 0.983876
vt 0.379856 0.992775
vt 0.370957 0.993169
vt 0.474534 0.977045
vt 0.476739 0.985944
vt 0.638505 0.193841
vt 0.638505 0.185631
vt 0.647405 0.186692
vt 0.647798 0.194544
vt 0.458410 0.954514
vt 0.458410 0.946029
vt 0.467309 0.946335
vt 0.467309 0.952309
vt 0.458410 0.936412
vt 0.467703 0.937116
vt 0.474534 0.939049
vt 0.472119 0.947696
vt 0.209665 0.983876
vt 0.209665 0.993169
vt 0.200765 0.992775
vt 0.200372 0.983876
vt 0.209665 1.000000
vt 0.200765 0.997585
vt 0.492636 0.009293
vt 0.483019 0.009293
vt 0.482713 0.000393
vt 0.491932 0.000000
vt 0.474534 0.009293
vt 0.476739 0.000393
vt 0.370957 0.016124
vt 0.370957 0.006831
vt 0.379857 0.007224
vt 0.380250 0.016124
vt 0.560346 0.170166
vt 0.567177 0.168233
vt 0.567570 0.177452
vt 0.562761 0.178813
vt 0.576470 0.167529
vt 0.576470 0.177146
vt 0.576470 0.185631
vt 0.567570 0.183426
vt 0.458410 0.008210
vt 0.458410 0.000000
vt 0.467309 0.001061
vt 0.467703 0.008913
vt 0.576470 0.000000
vt 0.576470 0.004619
vt 0.567570 0.005680
vt 0.567570 0.002428
vt 0.576470 0.012829
vt 0.567177 0.013532
vt 0.209665 -0.000000
vt 0.209665 0.006831
vt 0.200765 0.007224
vt 0.200765 0.002415
vt 0.209665 0.016124
vt 0.200372 0.016124
vt 0.193541 0.016124
vt 0.195956 0.007224
vt 0.552136 0.977044
vt 0.560346 0.977045
vt 0.559285 0.985944
vt 0.551432 0.986338
vt 0.193541 0.016124
vt 0.186709 0.016124
vt 0.186316 0.007224
vt 0.191125 0.007224
vt 0.177416 0.016124
vt 0.177416 0.006831
vt 0.560346 0.351178
vt 0.567177 0.349245
vt 0.567570 0.358464
vt 0.562761 0.359825
vt 0.576470 0.348541
vt 0.576470 0.358158
vt 0.576470 0.366643
vt 0.567570 0.364438
vt 0.396374 0.936412
vt 0.396374 0.946029
vt 0.387474 0.946335
vt 0.387081 0.937116
vt 0.396374 0.954514
vt 0.387474 0.952309
vt 0.576470 0.193841
vt 0.567177 0.194544
vt 0.567570 0.186692
vt 0.576470 0.185631
vt 0.016124 0.000000
vt 0.016124 0.006831
vt 0.007225 0.007224
vt 0.007225 0.002415
vt 0.016124 0.016124
vt 0.006831 0.016124
vt 0.380250 0.939049
vt 0.382665 0.947696
vt 0.552136 0.009293
vt 0.551432 0.000000
vt 0.559285 0.000393
vt 0.560346 0.009293
vt 0.638505 0.185631
vt 0.638505 0.177146
vt 0.647405 0.177452
vt 0.647405 0.183426
vt 0.638505 0.167529
vt 0.647798 0.168233
vt 0.654630 0.170166
vt 0.652214 0.178813
vt 0.177416 0.983876
vt 0.186709 0.983876
vt 0.186316 0.992776
vt 0.177416 0.993169
vt 0.193540 0.983876
vt 0.191125 0.992776
vt 0.396374 0.008210
vt 0.387081 0.008913
vt 0.387474 0.001061
vt 0.396374 0.000000
vt -0.000000 0.983876
vt 0.006831 0.983876
vt 0.007224 0.992775
vt 0.002415 0.992775
vt 0.016124 0.983876
vt 0.016124 0.993169
vt 0.016124 1.000000
vt 0.007224 0.997585
vt 0.638505 0.012829
vt 0.638505 0.004619
vt 0.647405 0.005680
vt 0.647798 0.013532
vt 0.638505 0.000000
vt 0.647405 0.002428
vt 0.370957 1.000000
vt 0.193541 0.983876
vt 0.370957 -0.000000
vt 0.177416 1.000000
vt 0.000000 0.016124
vt 0.177416 0.000000
s 0
usemtl Light_Stained_Pine
f 577/905/589 580/906/589 582/907/589 581/908/589
f 580/909/590 584/910/590 585/911/590 582/912/590
f 578/913/591 583/914/591 585/911/591 584/910/591
f 583/914/592 587/915/592 588/916/592 585/911/592
f 579/917/593 586/918/593 588/919/593 587/920/593
f 586/921/594 581/908/594 582/907/594 588/922/594
f 582/912/595 585/911/595 588/916/595
f 589/923/596 592/924/596 594/925/596 593/926/596
f 592/927/597 596/928/597 597/929/597 594/930/597
f 590/931/598 595/932/598 597/929/598 596/928/598
f 595/932/599 599/933/599 600/934/599 597/929/599
f 591/935/600 598/936/600 600/937/600 599/938/600
f 598/936/601 593/939/601 594/940/601 600/937/601
f 594/930/602 597/929/602 600/934/602
f 601/941/603 604/942/603 606/943/603 605/944/603
f 604/942/604 608/945/604 609/946/604 606/943/604
f 602/947/605 607/948/605 609/949/605 608/950/605
f 607/951/606 611/952/606 612/953/606 609/954/606
f 603/955/607 610/956/607 612/953/607 611/952/607
f 610/956/608 605/957/608 606/958/608 612/953/608
f 606/958/609 609/954/609 612/953/609
f 613/959/610 616/960/610 618/961/610 617/962/610
f 616/963/611 620/964/611 621/965/611 618/966/611
f 614/967/612 619/968/612 621/965/612 620/964/612
f 619/969/613 623/970/613 624/971/613 621/972/613
f 615/973/614 622/974/614 624/971/614 623/970/614
f 622/974/615 617/975/615 618/976/615 624/971/615
f 618/976/616 621/972/616 624/971/616
f 625/977/617 628/978/617 630/979/617 629/980/617
f 628/981/618 632/982/618 633/983/618 630/984/618
f 626/985/619 631/986/619 633/983/619 632/982/619
f 631/987/620 635/988/620 636/989/620 633/990/620
f 627/991/621 634/992/621 636/989/621 635/988/621
f 634/992/622 629/993/622 630/994/622 636/989/622
f 630/994/623 633/990/623 636/989/623
f 637/995/624 640/996/624 642/997/624 641/998/624
f 640/996/625 644/999/625 645/1000/625 642/997/625
f 638/1001/626 643/1002/626 645/1003/626 644/1004/626
f 643/1005/627 647/1006/627 648/1007/627 645/1008/627
f 639/1009/628 646/1010/628 648/1007/628 647/1006/628
f 646/1011/629 641/998/629 642/997/629 648/1012/629
f 642/997/630 645/1000/630 648/1012/630
f 649/1013/631 652/1014/631 654/1015/631 653/1016/631
f 652/1017/632 656/1018/632 657/1019/632 654/1020/632
f 650/1021/633 655/1022/633 657/1019/633 656/1018/633
f 655/1022/634 659/1023/634 660/1024/634 657/1019/634
f 651/1025/635 658/1026/635 660/1027/635 659/1028/635
f 658/1026/636 653/1029/636 654/1030/636 660/1027/636
f 654/1020/637 657/1019/637 660/1024/637
f 661/1031/638 664/1032/638 666/1033/638 665/1034/638
f 664/1035/639 668/1036/639 669/1037/639 666/1038/639
f 662/1039/640 667/1040/640 669/1037/640 668/1036/640
f 667/1040/641 671/1041/641 672/1042/641 669/1037/641
f 663/1043/642 670/1044/642 672/1045/642 671/1046/642
f 670/1044/643 665/1047/643 666/1048/643 672/1045/643
f 666/1038/644 669/1037/644 672/1042/644
f 601/941/645 577/905/645 581/908/645 604/942/645
f 604/942/646 581/908/646 586/921/646 608/945/646
f 608/950/647 586/918/647 579/917/647 602/947/647
f 578/913/648 589/923/648 593/926/648 583/914/648
f 583/1049/649 593/939/649 598/936/649 587/920/649
f 587/920/650 598/936/650 591/935/650 579/917/650
f 590/931/651 613/959/651 617/962/651 595/932/651
f 595/1050/652 617/975/652 622/974/652 599/938/652
f 599/938/653 622/974/653 615/973/653 591/935/653
f 614/967/654 603/955/654 611/952/654 619/968/654
f 619/969/655 611/1051/655 607/948/655 623/970/655
f 623/970/656 607/948/656 602/947/656 615/973/656
f 649/1013/657 601/941/657 605/944/657 652/1014/657
f 652/1017/658 605/957/658 610/956/658 656/1018/658
f 656/1018/659 610/956/659 603/955/659 650/1021/659
f 613/959/660 661/1031/660 665/1034/660 616/960/660
f 616/963/661 665/1047/661 670/1044/661 620/964/661
f 620/964/662 670/1044/662 663/1043/662 614/967/662
f 662/1039/663 651/1025/663 659/1028/663 667/1040/663
f 667/1040/664 659/1028/664 655/1052/664 671/1041/664
f 671/1046/665 655/1022/665 650/1021/665 663/1043/665
f 625/977/666 649/1013/666 653/1016/666 628/978/666
f 628/981/667 653/1029/667 658/1026/667 632/982/667
f 632/982/668 658/1026/668 651/1025/668 626/985/668
f 661/1031/669 637/995/669 641/998/669 664/1032/669
f 664/1035/670 641/1053/670 646/1010/670 668/1036/670
f 668/1036/671 646/1010/671 639/1009/671 662/1039/671
f 638/1001/672 627/991/672 635/988/672 643/1002/672
f 643/1005/673 635/1054/673 631/986/673 647/1006/673
f 647/1006/674 631/986/674 626/985/674 639/1009/674
f 577/905/675 625/977/675 629/980/675 580/906/675
f 580/909/676 629/993/676 634/992/676 584/910/676
f 584/910/677 634/992/677 627/991/677 578/913/677
f 637/995/678 590/931/678 596/928/678 640/996/678
f 640/996/679 596/928/679 592/927/679 644/999/679
f 644/1004/680 592/924/680 589/923/680 638/1001/680
f 601/941/681 649/1013/681 625/977/681 577/905/681
f 579/917/682 591/935/682 615/973/682 602/947/682
f 627/991/683 638/1001/683 589/923/683 578/913/683
f 661/1031/684 613/959/684 590/931/684 637/995/684
f 603/955/685 614/967/685 663/1043/685 650/1021/685
f 651/1025/686 662/1039/686 639/1009/686 626/985/686
o Right_Apron
v 0.960000 1.440000 0.780000
v 0.960000 1.470000 0.810000
v 0.930000 1.470000 0.780000
v 0.960000 1.444008 0.794980
v 0.945020 1.444008 0.780000
v 0.945654 1.447901 0.794346
v 0.945020 1.470000 0.805992
v 0.960000 1.455020 0.805992
v 0.945654 1.455654 0.802099
v 0.934008 1.455020 0.780000
v 0.934008 1.470000 0.794980
v 0.937901 1.455654 0.794346
v 0.960000 1.730000 0.810000
v 0.960000 1.760000 0.780000
v 0.930000 1.730000 0.780000
v 0.960000 1.744980 0.805992
v 0.945020 1.730000 0.805992
v 0.945654 1.744346 0.802099
v 0.945020 1.755992 0.780000
v 0.960000 1.755992 0.794980
v 0.945654 1.752099 0.794346
v 0.934008 1.730000 0.794980
v 0.934008 1.744980 0.780000
v 0.937901 1.744346 0.794346
v 0.960000 1.440000 -0.780000
v 0.930000 1.470000 -0.780000
v 0.960000 1.470000 -0.810000
v 0.945020 1.444008 -0.780000
v 0.960000 1.444008 -0.794980
v 0.945654 1.447901 -0.794346
v 0.934008 1.470000 -0.794980
v 0.934008 1.455020 -0.780000
v 0.937901 1.455654 -0.794346
v 0.960000 1.455020 -0.805992
v 0.945020 1.470000 -0.805992
v 0.945654 1.455654 -0.802099
v 0.960000 1.760000 -0.780000
v 0.960000 1.730000 -0.810000
v 0.930000 1.730000 -0.780000
v 0.960000 1.755992 -0.794980
v 0.945020 1.755992 -0.780000
v 0.945654 1.752099 -0.794346
v 0.945020 1.730000 -0.805992
v 0.960000 1.744980 -0.805992
v 0.945654 1.744346 -0.802099
v 0.934008 1.744980 -0.780000
v 0.934008 1.730000 -0.794980
v 0.937901 1.744346 -0.794346
v 1.060000 1.440000 0.780000
v 1.090000 1.470000 0.780000
v 1.060000 1.470000 0.810000
v 1.074980 1.444008 0.780000
v 1.060000 1.444008 0.794980
v 1.074346 1.447901 0.794346
v 1.085992 1.470000 0.794980
v 1.085992 1.455020 0.780000
v 1.082099 1.455654 0.794346
v 1.060000 1.455020 0.805992
v 1.074980 1.470000 0.805992
v 1.074346 1.455654 0.802099
v 1.060000 1.760000 0.780000
v 1.060000 1.730000 0.810000
v 1.090000 1.730000 0.780000
v 1.060000 1.755992 0.794980
v 1.074980 1.755992 0.780000
v 1.074346 1.752099 0.794346
v 1.074980 1.730000 0.805992
v 1.060000 1.744980 0.805992
v 1.074346 1.744346 0.802099
v 1.085992 1.744980 0.780000
v 1.085992 1.730000 0.794980
v 1.082099 1.744346 0.794346
v 1.060000 1.440000 -0.780000
v 1.060000 1.470000 -0.810000
v 1.090000 1.470000 -0.780000
v 1.060000 1.444008 -0.794980
v 1.074980 1.444008 -0.780000
v 1.074346 1.447901 -0.794346
v 1.074980 1.470000 -0.805992
v 1.060000 1.455020 -0.805992
v 1.074346 1.455654 -0.802099
v 1.085992 1.455020 -0.780000
v 1.085992 1.470000 -0.794980
v 1.082099 1.455654 -0.794346
v 1.060000 1.760000 -0.780000
v 1.090000 1.730000 -0.780000
v 1.060000 1.730000 -0.810000
v 1.074980 1.755992 -0.780000
v 1.060000 1.755992 -0.794980
v 1.074346 1.752099 -0.794346
v 1.085992 1.730000 -0.794980
v 1.085992 1.744980 -0.780000
v 1.082099 1.744346 -0.794346
v 1.060000 1.744980 -0.805992
v 1.074980 1.730000 -0.805992
v 1.074346 1.744346 -0.802099
vn -0.2566 -0.9318 0.2566
vn -0.2178 -0.6901 0.6901
vn -0.2566 -0.2566 0.9318
vn -0.6901 -0.2178 0.6901
vn -0.9318 -0.2566 0.2566
vn -0.6901 -0.6901 0.2178
vn -0.5773 -0.5774 0.5773
vn -0.2566 0.2566 0.9318
vn -0.2178 0.6901 0.6901
vn -0.2566 0.9318 0.2566
vn -0.6901 0.6901 0.2178
vn -0.9318 0.2566 0.2566
vn -0.6901 0.2178 0.6901
vn -0.5773 0.5774 0.5773
vn -0.2566 -0.9318 -0.2566
vn -0.6901 -0.6901 -0.2178
vn -0.9318 -0.2566 -0.2566
vn -0.6901 -0.2178 -0.6901
vn -0.2566 -0.2566 -0.9318
vn -0.2178 -0.6901 -0.6901
vn -0.5773 -0.5774 -0.5773
vn -0.2566 0.9318 -0.2566
vn -0.2178 0.6901 -0.6901
vn -0.2566 0.2566 -0.9318
vn -0.6901 0.2178 -0.6901
vn -0.9318 0.2566 -0.2566
vn -0.6901 0.6901 -0.2178
vn -0.5773 0.5774 -0.5773
vn 0.2566 -0.9318 0.2566
vn 0.6901 -0.6901 0.2178
vn 0.9318 -0.2566 0.2566
vn 0.6901 -0.2178 0.6901
vn 0.2566 -0.2566 0.9318
vn 0.2178 -0.6901 0.6901
vn 0.5773 -0.5774 0.5773
vn 0.2566 0.9318 0.2566
vn 0.2178 0.6901 0.6901
vn 0.2566 0.2566 0.9318
vn 0.6901 0.2178 0.6901
vn 0.9318 0.2566 0.2566
vn 0.6901 0.6901 0.2178
vn 0.5773 0.5774 0.5773
vn 0.2566 -0.9318 -0.2566
vn 0.2178 -0.6901 -0.6901
vn 0.2566 -0.2566 -0.9318
vn 0.6901 -0.2178 -0.6901
vn 0.9318 -0.2566 -0.2566
vn 0.6901 -0.6901 -0.2178
vn 0.5773 -0.5774 -0.5773
vn 0.2566 0.9318 -0.2566
vn 0.6901 0.6901 -0.2178
vn 0.9318 0.2566 -0.2566
vn 0.6901 0.2178 -0.6901
vn 0.2566 0.2566 -0.9318
vn 0.2178 0.6901 -0.6901
vn 0.5773 0.5774 -0.5773
vn -0.2585 -0.9660 -0.0000
vn -0.7071 -0.7071 -0.0000
vn -0.9660 -0.2585 -0.0000
vn -0.2584 -0.0000 0.9660
vn -0.7071 -0.0000 0.7071
vn -0.9660 -0.0000 0.2585
vn -0.2585 0.9660 -0.0000
vn -0.7071 0.7071 -0.0000
vn -0.9660 0.2585 -0.0000
vn -0.2584 -0.0000 -0.9660
vn -0.7071 -0.0000 -0.7071
vn -0.9660 -0.0000 -0.2585
vn -0.0000 -0.9660 -0.2585
vn -0.0000 -0.7071 -0.7071
vn -0.0000 -0.2584 -0.9660
vn -0.0000 0.9660 -0.2585
vn -0.0000 0.7071 -0.7071
vn -0.0000 0.2584 -0.9660
vn 0.9660 -0.0000 -0.2585
vn 0.7071 -0.0000 -0.7071
vn 0.2584 -0.0000 -0.9660
vn 0.2585 -0.9660 -0.0000
vn 0.7071 -0.7071 -0.0000
vn 0.9660 -0.2585 -0.0000
vn 0.2585 0.9660 -0.0000
vn 0.7071 0.7071 -0.0000
vn 0.9660 0.2585 -0.0000
vn 0.2584 -0.0000 0.9660
vn 0.7071 -0.0000 0.7071
vn 0.9660 -0.0000 0.2585
vn -0.0000 -0.9660 0.2585
vn -0.0000 -0.7071 0.7071
vn -0.0000 -0.2584 0.9660
vn -0.0000 0.9660 0.2585
vn -0.0000 0.7071 0.7071
vn -0.0000 0.2584 0.9660
vn -0.0000 -1.0000 -0.0000
vn -1.0000 -0.0000 -0.0000
vn -0.0000 -0.0000 1.0000
vn -0.0000 1.0000 -0.0000
vn -0.0000 -0.0000 -1.0000
vn 1.0000 -0.0000 -0.0000
vt 0.492636 0.977044
vt 0.491932 0.986338
vt 0.482713 0.985944
vt 0.483019 0.977045
vt 0.638505 0.366643
vt 0.638505 0.358158
vt 0.647405 0.358464
vt 0.647405 0.364438
vt 0.638505 0.348541
vt 0.647798 0.349245
vt 0.654630 0.351178
vt 0.652214 0.359825
vt 0.370957 0.983876
vt 0.380250 0.983876
vt 0.379856 0.992775
vt 0.370957 0.993169
vt 0.474534 0.977045
vt 0.476739 0.985944
vt 0.638505 0.193841
vt 0.638505 0.185631
vt 0.647405 0.186692
vt 0.647798 0.194544
vt 0.458410 0.954514
vt 0.458410 0.946029
vt 0.467309 0.946335
vt 0.467309 0.952309
vt 0.458410 0.936412
vt 0.467703 0.937116
vt 0.474534 0.939049
vt 0.472119 0.947696
vt 0.209665 0.983876
vt 0.209665 0.993169
vt 0.200765 0.992775
vt 0.200372 0.983876
vt 0.209665 1.000000
vt 0.200765 0.997585
vt 0.492636 0.009293
vt 0.483019 0.009293
vt 0.482713 0.000393
vt 0.491932 0.000000
vt 0.474534 0.009293
vt 0.476739 0.000393
vt 0.370957 0.016124
vt 0.370957 0.006831
vt 0.379857 0.007224
vt 0.380250 0.016124
vt 0.560346 0.170166
vt 0.567177 0.168233
vt 0.567570 0.177452
vt 0.562761 0.178813
vt 0.576470 0.167529
vt 0.576470 0.177146
vt 0.576470 0.185631
vt 0.567570 0.183426
vt 0.458410 0.008210
vt 0.458410 0.000000
vt 0.467309 0.001061
vt 0.467703 0.008913
vt 0.576470 0.000000
vt 0.576470 0.004619
vt 0.567570 0.005680
vt 0.567570 0.002428
vt 0.576470 0.012829
vt 0.567177 0.013532
vt 0.209665 -0.000000
vt 0.209665 0.006831
vt 0.200765 0.007224
vt 0.200765 0.002415
vt 0.209665 0.016124
vt 0.200372 0.016124
vt 0.193541 0.016124
vt 0.195956 0.007224
vt 0.552136 0.977044
vt 0.560346 0.977045
vt 0.559285 0.985944
vt 0.551432 0.986338
vt 0.193541 0.016124
vt 0.186709 0.016124
vt 0.186316 0.007224
vt 0.191125 0.007224
vt 0.177416 0.016124
vt 0.177416 0.006831
vt 0.560346 0.351178
vt 0.567177 0.349245
vt 0.567570 0.358464
vt 0.562761 0.359825
vt 0.576470 0.348541
vt 0.576470 0.358158
vt 0.576470 0.366643
vt 0.567570 0.364438
vt 0.396374 0.936412
vt 0.396374 0.946029
vt 0.387474 0.946335
vt 0.387081 0.937116
vt 0.396374 0.954514
vt 0.387474 0.952309
vt 0.576470 0.193841
vt 0.567177 0.194544
vt 0.567570 0.186692
vt 0.576470 0.185631
vt 0.016124 0.000000
vt 0.016124 0.006831
vt 0.007225 0.007224
vt 0.007225 0.002415
vt 0.016124 0.016124
vt 0.006831 0.016124
vt 0.380250 0.939049
vt 0.382665 0.947696
vt 0.552136 0.009293
vt 0.551432 0.000000
vt 0.559285 0.000393
vt 0.560346 0.009293
vt 0.638505 0.185631
vt 0.638505 0.177146
vt 0.647405 0.177452
vt 0.647405 0.183426
vt 0.638505 0.167529
vt 0.647798 0.168233
vt 0.654630 0.170166
vt 0.652214 0.178813
vt 0.177416 0.983876
vt 0.186709 0.983876
vt 0.186316 0.992776
vt 0.177416 0.993169
vt 0.193540 0.983876
vt 0.191125 0.992776
vt 0.396374 0.008210
vt 0.387081 0.008913
vt 0.387474 0.001061
vt 0.396374 0.000000
vt -0.000000 0.983876
vt 0.006831 0.983876
vt 0.007224 0.992775
vt 0.002415 0.992775
vt 0.016124 0.983876
vt 0.016124 0.993169
vt 0.016124 1.000000
vt 0.007224 0.997585
vt 0.638505 0.012829
vt 0.638505 0.004619
vt 0.647405 0.005680
vt 0.647798 0.013532
vt 0.638505 0.000000
vt 0.647405 0.002428
vt 0.370957 1.000000
vt 0.193541 0.983876
vt 0.370957 -0.000000
vt 0.177416 1.000000
vt 0.000000 0.016124
vt 0.177416 0.000000
s 0
usemtl Light_Stained_Pine
f 673/1055/687 676/1056/687 678/1057/687 677/1058/687
f 676/1059/688 680/1060/688 681/1061/688 678/1062/688
f 674/1063/689 679/1064/689 681/1061/689 680/1060/689
f 679/1064/690 683/1065/690 684/1066/690 681/1061/690
f 675/1067/691 682/1068/691 684/1069/691 683/1070/691
f 682/1071/692 677/1058/692 678/1057/692 684/1072/692
f 678/1062/693 681/1061/693 684/1066/693
f 685/1073/694 688/1074/694 690/1075/694 689/1076/694
f 688/1077/695 692/1078/695 693/1079/695 690/1080/695
f 686/1081/696 691/1082/696 693/1079/696 692/1078/696
f 691/1082/697 695/1083/697 696/1084/697 693/1079/697
f 687/1085/698 694/1086/698 696/1087/698 695/1088/698
f 694/1086/699 689/1089/699 690/1090/699 696/1087/699
f 690/1080/700 693/1079/700 696/1084/700
f 697/1091/701 700/1092/701 702/1093/701 701/1094/701
f 700/1092/702 704/1095/702 705/1096/702 702/1093/702
f 698/1097/703 703/1098/703 705/1099/703 704/1100/703
f 703/1101/704 707/1102/704 708/1103/704 705/1104/704
f 699/1105/705 706/1106/705 708/1103/705 707/1102/705
f 706/1106/706 701/1107/706 702/1108/706 708/1103/706
f 702/1108/707 705/1104/707 708/1103/707
f 709/1109/708 712/1110/708 714/1111/708 713/1112/708
f 712/1113/709 716/1114/709 717/1115/709 714/1116/709
f 710/1117/710 715/1118/710 717/1115/710 716/1114/710
f 715/1119/711 719/1120/711 720/1121/711 717/1122/711
f 711/1123/712 718/1124/712 720/1121/712 719/1120/712
f 718/1124/713 713/1125/713 714/1126/713 720/1121/713
f 714/1126/714 717/1122/714 720/1121/714
f 721/1127/715 724/1128/715 726/1129/715 725/1130/715
f 724/1131/716 728/1132/716 729/1133/716 726/1134/716
f 722/1135/717 727/1136/717 729/1133/717 728/1132/717
f 727/1137/718 731/1138/718 732/1139/718 729/1140/718
f 723/1141/719 730/1142/719 732/1139/719 731/1138/719
f 730/1142/720 725/1143/720 726/1144/720 732/1139/720
f 726/1144/721 729/1140/721 732/1139/721
f 733/1145/722 736/1146/722 738/1147/722 737/1148/722
f 736/1146/723 740/1149/723 741/1150/723 738/1147/723
f 734/1151/724 739/1152/724 741/1153/724 740/1154/724
f 739/1155/725 743/1156/725 744/1157/725 741/1158/725
f 735/1159/726 742/1160/726 744/1157/726 743/1156/726
f 742/1161/727 737/1148/727 738/1147/727 744/1162/727
f 738/1147/728 741/1150/728 744/1162/728
f 745/1163/729 748/1164/729 750/1165/729 749/1166/729
f 748/1167/730 752/1168/730 753/1169/730 750/1170/730
f 746/1171/731 751/1172/731 753/1169/731 752/1168/731
f 751/1172/732 755/1173/732 756/1174/732 753/1169/732
f 747/1175/733 754/1176/733 756/1177/733 755/1178/733
f 754/1176/734 749/1179/734 750/1180/734 756/1177/734
f 750/1170/735 753/1169/735 756/1174/735
f 757/1181/736 760/1182/736 762/1183/736 761/1184/736
f 760/1185/737 764/1186/737 765/1187/737 762/1188/737
f 758/1189/738 763/1190/738 765/1187/738 764/1186/738
f 763/1190/739 767/1191/739 768/1192/739 765/1187/739
f 759/1193/740 766/1194/740 768/1195/740 767/1196/740
f 766/1194/741 761/1197/741 762/1198/741 768/1195/741
f 762/1188/742 765/1187/742 768/1192/742
f 697/1091/743 673/1055/743 677/1058/743 700/1092/743
f 700/1092/744 677/1058/744 682/1071/744 704/1095/744
f 704/1100/745 682/1068/745 675/1067/745 698/1097/745
f 674/1063/746 685/1073/746 689/1076/746 679/1064/746
f 679/1199/747 689/1089/747 694/1086/747 683/1070/747
f 683/1070/748 694/1086/748 687/1085/748 675/1067/748
f 686/1081/749 709/1109/749 713/1112/749 691/1082/749
f 691/1200/750 713/1125/750 718/1124/750 695/1088/750
f 695/1088/751 718/1124/751 711/1123/751 687/1085/751
f 710/1117/752 699/1105/752 707/1102/752 715/1118/752
f 715/1119/753 707/1201/753 703/1098/753 719/1120/753
f 719/1120/754 703/1098/754 698/1097/754 711/1123/754
f 745/1163/755 697/1091/755 701/1094/755 748/1164/755
f 748/1167/756 701/1107/756 706/1106/756 752/1168/756
f 752/1168/757 706/1106/757 699/1105/757 746/1171/757
f 709/1109/758 757/1181/758 761/1184/758 712/1110/758
f 712/1113/759 761/1197/759 766/1194/759 716/1114/759
f 716/1114/760 766/1194/760 759/1193/760 710/1117/760
f 758/1189/761 747/1175/761 755/1178/761 763/1190/761
f 763/1190/762 755/1178/762 751/1202/762 767/1191/762
f 767/1196/763 751/1172/763 746/1171/763 759/1193/763
f 721/1127/764 745/1163/764 749/1166/764 724/1128/764
f 724/1131/765 749/1179/765 754/1176/765 728/1132/765
f 728/1132/766 754/1176/766 747/1175/766 722/1135/766
f 757/1181/767 733/1145/767 737/1148/767 760/1182/767
f 760/1185/768 737/1203/768 742/1160/768 764/1186/768
f 764/1186/769 742/1160/769 735/1159/769 758/1189/769
f 734/1151/770 723/1141/770 731/1138/770 739/1152/770
f 739/1155/771 731/1204/771 727/1136/771 743/1156/771
f 743/1156/772 727/1136/772 722/1135/772 735/1159/772
f 673/1055/773 721/1127/773 725/1130/773 676/1056/773
f 676/1059/774 725/1143/774 730/1142/774 680/1060/774
f 680/1060/775 730/1142/775 723/1141/775 674/1063/775
f 733/1145/776 686/1081/776 692/1078/776 736/1146/776
f 736/1146/777 692/1078/777 688/1077/777 740/1149/777
f 740/1154/778 688/1074/778 685/1073/778 734/1151/778
f 697/1091/779 745/1163/779 721/1127/779 673/1055/779
f 675/1067/780 687/1085/780 711/1123/780 698/1097/780
f 723/1141/781 734/1151/781 685/1073/781 674/1063/781
f 757/1181/782 709/1109/782 686/1081/782 733/1145/782
f 699/1105/783 710/1117/783 759/1193/783 746/1171/783
f 747/1175/784 758/1189/784 735/1159/784 722/1135/784
o Front_Left_Leg
v -1.044169 0.004351 0.894226
v -1.043417 0.033065 0.921483
v -1.071427 0.033065 0.893493
v -1.044061 0.008455 0.908105
v -1.058048 0.008455 0.894128
v -1.057352 0.012421 0.907418
v -1.057396 0.033333 0.917744
v -1.043785 0.018995 0.918110
v -1.057158 0.019842 0.914462
v -1.068053 0.018995 0.893859
v -1.067677 0.033333 0.907470
v -1.064396 0.019842 0.907229
v -1.000397 1.675938 0.878448
v -0.999683 1.703187 0.849725
v -1.028406 1.675939 0.850458
v -1.000033 1.689812 0.874343
v -1.014376 1.676206 0.874709
v -1.013437 1.689476 0.870726
v -1.013758 1.699814 0.849823
v -0.999771 1.699814 0.863800
v -1.013252 1.696518 0.863303
v -1.024657 1.676206 0.864435
v -1.024301 1.689813 0.850092
v -1.020675 1.689477 0.863493
v -1.044267 0.000583 0.750275
v -1.071525 0.029297 0.749542
v -1.043554 0.027831 0.721552
v -1.058146 0.004687 0.750177
v -1.044179 0.003955 0.736200
v -1.057469 0.007953 0.736697
v -1.067795 0.028833 0.735565
v -1.068152 0.015227 0.749908
v -1.064513 0.015373 0.736507
v -1.043917 0.013957 0.725657
v -1.057528 0.028295 0.725291
v -1.057285 0.014994 0.729274
v -0.999782 1.699418 0.705774
v -1.000534 1.670705 0.678517
v -1.028505 1.672170 0.706507
v -0.999889 1.695314 0.691895
v -1.013857 1.696046 0.705872
v -1.013369 1.692049 0.692582
v -1.014508 1.671169 0.682256
v -1.000165 1.684775 0.681890
v -1.013564 1.684629 0.685538
v -1.024400 1.686044 0.706141
v -1.024775 1.671707 0.692530
v -1.020792 1.685008 0.692771
v -0.900218 0.000582 0.894226
v -0.871495 0.027830 0.893493
v -0.899466 0.029295 0.921483
v -0.886143 0.003954 0.894128
v -0.900111 0.004686 0.908105
v -0.886631 0.007951 0.907418
v -0.875225 0.028293 0.907470
v -0.875600 0.013956 0.893859
v -0.879208 0.014992 0.907229
v -0.899835 0.015225 0.918110
v -0.885492 0.028831 0.917744
v -0.886436 0.015371 0.914462
v -0.855733 1.699417 0.849725
v -0.856446 1.672169 0.878448
v -0.828475 1.670703 0.850458
v -0.855821 1.696045 0.863800
v -0.841854 1.695313 0.849823
v -0.842531 1.692048 0.863303
v -0.842472 1.671705 0.874709
v -0.856083 1.686043 0.874343
v -0.842715 1.685006 0.870726
v -0.831848 1.684773 0.850092
v -0.832205 1.671167 0.864435
v -0.835487 1.684627 0.863493
v -0.900317 -0.003186 0.750275
v -0.899603 0.024062 0.721552
v -0.871594 0.024061 0.749542
v -0.900229 0.000186 0.736200
v -0.886242 0.000186 0.750177
v -0.886748 0.003482 0.736697
v -0.885624 0.023794 0.725291
v -0.899967 0.010188 0.725657
v -0.886563 0.010523 0.729274
v -0.875699 0.010187 0.749908
v -0.875343 0.023794 0.735565
v -0.879325 0.010523 0.736507
v -0.855831 1.695649 0.705774
v -0.828574 1.666935 0.706507
v -0.856583 1.666935 0.678517
v -0.841952 1.691545 0.705872
v -0.855939 1.691545 0.691895
v -0.842648 1.687579 0.692582
v -0.832322 1.666667 0.692530
v -0.831947 1.681005 0.706141
v -0.835604 1.680158 0.692771
v -0.856215 1.681005 0.681890
v -0.842604 1.666667 0.682256
v -0.842842 1.680158 0.685538
vn -0.2807 -0.9178 0.2809
vn -0.2353 -0.6659 0.7080
vn -0.2626 -0.2253 0.9382
vn -0.6951 -0.1815 0.6956
vn -0.9381 -0.2253 0.2632
vn -0.7078 -0.6659 0.2358
vn -0.5919 -0.5467 0.5923
vn -0.2492 0.2875 0.9248
vn -0.1992 0.7134 0.6718
vn -0.2319 0.9446 0.2321
vn -0.6717 0.7134 0.1996
vn -0.9246 0.2875 0.2498
vn -0.6837 0.2538 0.6842
vn -0.5617 0.6072 0.5620
vn -0.2811 -0.9312 -0.2321
vn -0.7081 -0.6773 -0.1996
vn -0.9384 -0.2387 -0.2498
vn -0.6961 -0.2176 -0.6842
vn -0.2639 -0.2741 -0.9248
vn -0.2362 -0.7020 -0.6718
vn -0.5927 -0.5769 -0.5620
vn -0.2323 0.9312 -0.2809
vn -0.2001 0.6773 -0.7080
vn -0.2504 0.2388 -0.9382
vn -0.6847 0.2176 -0.6956
vn -0.9250 0.2741 -0.2632
vn -0.6720 0.7020 -0.2358
vn -0.5624 0.5770 -0.5923
vn 0.2323 -0.9312 0.2809
vn 0.6720 -0.7020 0.2358
vn 0.9250 -0.2741 0.2632
vn 0.6847 -0.2176 0.6956
vn 0.2504 -0.2388 0.9382
vn 0.2001 -0.6773 0.7080
vn 0.5624 -0.5770 0.5923
vn 0.2811 0.9312 0.2321
vn 0.2362 0.7020 0.6718
vn 0.2639 0.2741 0.9248
vn 0.6961 0.2176 0.6842
vn 0.9384 0.2387 0.2498
vn 0.7081 0.6773 0.1996
vn 0.5927 0.5769 0.5620
vn 0.2319 -0.9446 -0.2321
vn 0.1992 -0.7134 -0.6718
vn 0.2492 -0.2875 -0.9248
vn 0.6837 -0.2538 -0.6842
vn 0.9246 -0.2875 -0.2498
vn 0.6717 -0.7134 -0.1996
vn 0.5617 -0.6072 -0.5620
vn 0.2807 0.9178 -0.2809
vn 0.7078 0.6659 -0.2358
vn 0.9381 0.2253 -0.2632
vn 0.6951 0.1815 -0.6956
vn 0.2626 0.2253 -0.9382
vn 0.2353 0.6659 -0.7080
vn 0.5919 0.5467 -0.5923
vn -0.2836 -0.9586 0.0253
vn -0.7254 -0.6881 0.0185
vn -0.9725 -0.2330 0.0068
vn -0.2577 0.0320 0.9657
vn -0.7064 0.0370 0.7069
vn -0.9655 0.0321 0.2584
vn -0.2331 0.9721 -0.0253
vn -0.6884 0.7251 -0.0185
vn -0.9589 0.2836 -0.0068
vn -0.2590 -0.0185 -0.9657
vn -0.7073 -0.0000 -0.7069
vn -0.9659 0.0185 -0.2584
vn -0.0255 -0.9721 -0.2331
vn -0.0190 -0.7251 -0.6884
vn -0.0074 -0.2836 -0.9589
vn 0.0251 0.9586 -0.2837
vn 0.0180 0.6881 -0.7254
vn 0.0061 0.2330 -0.9725
vn 0.9655 -0.0321 -0.2584
vn 0.7064 -0.0370 -0.7069
vn 0.2577 -0.0320 -0.9657
vn 0.2331 -0.9721 0.0253
vn 0.6884 -0.7251 0.0185
vn 0.9589 -0.2836 0.0068
vn 0.2836 0.9586 -0.0253
vn 0.7254 0.6881 -0.0185
vn 0.9725 0.2330 -0.0068
vn 0.2590 0.0185 0.9657
vn 0.7073 -0.0000 0.7069
vn 0.9659 -0.0185 0.2584
vn -0.0251 -0.9586 0.2837
vn -0.0180 -0.6881 0.7254
vn -0.0061 -0.2330 0.9725
vn 0.0255 0.9721 0.2331
vn 0.0190 0.7251 0.6884
vn 0.0074 0.2836 0.9589
vn -0.0262 -0.9993 0.0262
vn -0.9997 0.0262 -0.0000
vn 0.0007 0.0262 0.9997
vn 0.0262 0.9993 -0.0262
vn -0.0007 -0.0262 -0.9997
vn 0.9997 -0.0262 -0.0000
vt 0.471078 0.099414
vt 0.470453 0.107674
vt 0.462258 0.107325
vt 0.462530 0.099414
vt 0.468735 0.113747
vt 0.461048 0.111600
vt 0.099414 0.985667
vt 0.107674 0.985667
vt 0.107325 0.993578
vt 0.099414 0.993928
vt 0.113747 0.985667
vt 0.111600 0.993578
vt 0.241827 0.947729
vt 0.241827 0.955027
vt 0.233916 0.954084
vt 0.233566 0.947104
vt 0.454987 0.099414
vt 0.456947 0.107325
vt 0.099414 0.014333
vt 0.099414 0.006072
vt 0.107325 0.006422
vt 0.107674 0.014333
vt 0.099414 0.000000
vt 0.107325 0.002147
vt 0.462285 0.128080
vt 0.454987 0.128080
vt 0.455930 0.120169
vt 0.462911 0.119819
vt 0.241827 0.000000
vt 0.241827 0.007542
vt 0.233916 0.007270
vt 0.233916 0.001960
vt 0.241827 0.016091
vt 0.233566 0.015466
vt 0.227494 0.013748
vt 0.229641 0.006061
vt 0.471078 0.014333
vt 0.462530 0.014333
vt 0.462258 0.006422
vt 0.470453 0.006072
vt 0.454987 0.014333
vt 0.456947 0.006422
vt 0.326907 0.947729
vt 0.335168 0.947104
vt 0.334818 0.954084
vt 0.326907 0.955027
vt 0.113747 0.985667
vt 0.119819 0.985667
vt 0.120169 0.993578
vt 0.115894 0.993578
vt 0.128080 0.985667
vt 0.128080 0.993928
vt 0.468735 0.000000
vt 0.461048 0.002147
vt 0.462285 0.213160
vt 0.462911 0.221421
vt 0.455930 0.221072
vt 0.454987 0.213160
vt 0.128080 0.000000
vt 0.128080 0.006072
vt 0.120169 0.006422
vt 0.120169 0.002147
vt 0.128080 0.014333
vt 0.119819 0.014333
vt 0.341240 0.013748
vt 0.335168 0.015466
vt 0.334818 0.007270
vt 0.339094 0.006061
vt 0.326907 0.016091
vt 0.326907 0.007542
vt 0.326907 0.000000
vt 0.334818 0.001960
vt 0.552682 0.099414
vt 0.559979 0.099414
vt 0.559037 0.107325
vt 0.552056 0.107674
vt 0.440654 0.955027
vt 0.440654 0.947484
vt 0.448565 0.947757
vt 0.448565 0.953067
vt 0.440654 0.938936
vt 0.448915 0.939561
vt 0.454987 0.941279
vt 0.452840 0.948966
vt 0.014333 0.985667
vt 0.014333 0.993928
vt 0.006422 0.993578
vt 0.006072 0.985667
vt 0.014333 1.000000
vt 0.006422 0.997853
vt 0.543888 0.128080
vt 0.544514 0.119819
vt 0.552709 0.120169
vt 0.552437 0.128080
vt 0.546232 0.113747
vt 0.553919 0.115894
vt 0.014333 0.014333
vt 0.006072 0.014333
vt 0.006422 0.006422
vt 0.014333 0.006072
vt 0.000000 0.014333
vt 0.002147 0.006422
vt 0.440654 0.007298
vt 0.440654 0.000000
vt 0.448565 0.000943
vt 0.448915 0.007923
vt 0.559980 0.128080
vt 0.558019 0.120169
vt 0.552682 0.014333
vt 0.552056 0.006072
vt 0.559037 0.006422
vt 0.559980 0.014333
vt 0.213160 1.000000
vt 0.213160 0.993928
vt 0.221072 0.993578
vt 0.221072 0.997853
vt 0.213160 0.985667
vt 0.221421 0.985667
vt 0.341240 0.941279
vt 0.347313 0.939561
vt 0.347662 0.947757
vt 0.343387 0.948966
vt 0.355574 0.938936
vt 0.355574 0.947484
vt 0.355574 0.955027
vt 0.347662 0.953067
vt 0.543888 0.213160
vt 0.552437 0.213160
vt 0.552709 0.221072
vt 0.544514 0.221421
vt 0.559980 0.213160
vt 0.558019 0.221072
vt 0.355574 0.007298
vt 0.347313 0.007923
vt 0.347662 0.000943
vt 0.355574 0.000000
vt 0.227494 0.014333
vt 0.221421 0.014333
vt 0.221072 0.006422
vt 0.225347 0.006422
vt 0.213160 0.014333
vt 0.213160 0.006072
vt 0.546232 0.227494
vt 0.553919 0.225347
vt 0.113747 0.014333
vt 0.113747 0.014333
vt 0.128080 1.000000
vt 0.213160 0.000000
vt 0.227494 0.985667
vt 0.000000 0.985667
vt 0.099414 1.000000
vt 0.014333 0.000000
s 0
usemtl Light_Stained_Pine
f 769/1205/785 772/1206/785 774/1207/785 773/1208/785
f 772/1206/786 776/1209/786 777/1210/786 774/1207/786
f 770/1211/787 775/1212/787 777/1213/787 776/1214/787
f 775/1212/788 779/1215/788 780/1216/788 777/1213/788
f 771/1217/789 778/1218/789 780/1219/789 779/1220/789
f 778/1221/790 773/1208/790 774/1207/790 780/1222/790
f 774/1207/791 777/1210/791 780/1222/791
f 781/1223/792 784/1224/792 786/1225/792 785/1226/792
f 784/1224/793 788/1227/793 789/1228/793 786/1225/793
f 782/1229/794 787/1230/794 789/1231/794 788/1232/794
f 787/1233/795 791/1234/795 792/1235/795 789/1236/795
f 783/1237/796 790/1238/796 792/1235/796 791/1234/796
f 790/1238/797 785/1239/797 786/1240/797 792/1235/797
f 786/1240/798 789/1236/798 792/1235/798
f 793/1241/799 796/1242/799 798/1243/799 797/1244/799
f 796/1242/800 800/1245/800 801/1246/800 798/1243/800
f 794/1247/801 799/1248/801 801/1249/801 800/1250/801
f 799/1251/802 803/1252/802 804/1253/802 801/1254/802
f 795/1255/803 802/1256/803 804/1253/803 803/1252/803
f 802/1257/804 797/1244/804 798/1243/804 804/1258/804
f 798/1243/805 801/1246/805 804/1258/805
f 805/1259/806 808/1260/806 810/1261/806 809/1262/806
f 808/1263/807 812/1264/807 813/1265/807 810/1266/807
f 806/1267/808 811/1268/808 813/1265/808 812/1264/808
f 811/1269/809 815/1270/809 816/1271/809 813/1272/809
f 807/1273/810 814/1274/810 816/1271/810 815/1270/810
f 814/1274/811 809/1275/811 810/1276/811 816/1271/811
f 810/1276/812 813/1272/812 816/1271/812
f 817/1277/813 820/1278/813 822/1279/813 821/1280/813
f 820/1281/814 824/1282/814 825/1283/814 822/1284/814
f 818/1285/815 823/1286/815 825/1283/815 824/1282/815
f 823/1286/816 827/1287/816 828/1288/816 825/1283/816
f 819/1289/817 826/1290/817 828/1291/817 827/1292/817
f 826/1290/818 821/1293/818 822/1294/818 828/1291/818
f 822/1284/819 825/1283/819 828/1288/819
f 829/1295/820 832/1296/820 834/1297/820 833/1298/820
f 832/1296/821 836/1299/821 837/1300/821 834/1297/821
f 830/1301/822 835/1302/822 837/1303/822 836/1304/822
f 835/1302/823 839/1305/823 840/1306/823 837/1303/823
f 831/1307/824 838/1308/824 840/1309/824 839/1310/824
f 838/1311/825 833/1298/825 834/1297/825 840/1312/825
f 834/1297/826 837/1300/826 840/1312/826
f 841/1313/827 844/1314/827 846/1315/827 845/1316/827
f 844/1317/828 848/1318/828 849/1319/828 846/1320/828
f 842/1321/829 847/1322/829 849/1319/829 848/1318/829
f 847/1323/830 851/1324/830 852/1325/830 849/1326/830
f 843/1327/831 850/1328/831 852/1325/831 851/1324/831
f 850/1328/832 845/1329/832 846/1330/832 852/1325/832
f 846/1330/833 849/1326/833 852/1325/833
f 853/1331/834 856/1332/834 858/1333/834 857/1334/834
f 856/1332/835 860/1335/835 861/1336/835 858/1333/835
f 854/1337/836 859/1338/836 861/1339/836 860/1340/836
f 859/1341/837 863/1342/837 864/1343/837 861/1344/837
f 855/1345/838 862/1346/838 864/1343/838 863/1342/838
f 862/1347/839 857/1334/839 858/1333/839 864/1348/839
f 858/1333/840 861/1336/840 864/1348/840
f 793/1241/841 769/1205/841 773/1208/841 796/1242/841
f 796/1242/842 773/1208/842 778/1221/842 800/1245/842
f 800/1250/843 778/1218/843 771/1217/843 794/1247/843
f 770/1211/844 781/1223/844 785/1226/844 775/1212/844
f 775/1212/845 785/1226/845 790/1349/845 779/1215/845
f 779/1220/846 790/1238/846 783/1237/846 771/1217/846
f 782/1229/847 805/1259/847 809/1262/847 787/1230/847
f 787/1233/848 809/1275/848 814/1274/848 791/1234/848
f 791/1234/849 814/1274/849 807/1273/849 783/1237/849
f 806/1267/850 795/1255/850 803/1252/850 811/1268/850
f 811/1268/851 803/1252/851 799/1251/851 815/1350/851
f 815/1270/852 799/1248/852 794/1247/852 807/1273/852
f 841/1313/853 793/1241/853 797/1244/853 844/1314/853
f 844/1317/854 797/1351/854 802/1256/854 848/1318/854
f 848/1318/855 802/1256/855 795/1255/855 842/1321/855
f 805/1259/856 853/1331/856 857/1334/856 808/1260/856
f 808/1263/857 857/1352/857 862/1346/857 812/1264/857
f 812/1264/858 862/1346/858 855/1345/858 806/1267/858
f 854/1337/859 843/1327/859 851/1324/859 859/1338/859
f 859/1341/860 851/1353/860 847/1322/860 863/1342/860
f 863/1342/861 847/1322/861 842/1321/861 855/1345/861
f 817/1277/862 841/1313/862 845/1316/862 820/1278/862
f 820/1281/863 845/1329/863 850/1328/863 824/1282/863
f 824/1282/864 850/1328/864 843/1327/864 818/1285/864
f 853/1331/865 829/1295/865 833/1298/865 856/1332/865
f 856/1332/866 833/1298/866 838/1311/866 860/1335/866
f 860/1340/867 838/1308/867 831/1307/867 854/1337/867
f 830/1301/868 819/1289/868 827/1292/868 835/1302/868
f 835/1302/869 827/1292/869 823/1354/869 839/1305/869
f 839/1310/870 823/1286/870 818/1285/870 831/1307/870
f 769/1205/871 817/1277/871 821/1280/871 772/1206/871
f 772/1355/872 821/1293/872 826/1290/872 776/1214/872
f 776/1214/873 826/1290/873 819/1289/873 770/1211/873
f 829/1295/874 782/1229/874 788/1232/874 832/1296/874
f 832/1356/875 788/1227/875 784/1224/875 836/1304/875
f 836/1304/876 784/1224/876 781/1223/876 830/1301/876
f 793/1241/877 841/1313/877 817/1277/877 769/1205/877
f 771/1217/878 783/1237/878 807/1273/878 794/1247/878
f 819/1289/879 830/1301/879 781/1223/879 770/1211/879
f 853/1331/880 805/1259/880 782/1229/880 829/1295/880
f 795/1255/881 806/1267/881 855/1345/881 842/1321/881
f 843/1327/882 854/1337/882 831/1307/882 818/1285/882
o Front_Right_Leg
v 0.900218 0.000582 0.894226
v 0.899466 0.029295 0.921483
v 0.871495 0.027830 0.893493
v 0.900111 0.004686 0.908105
v 0.886143 0.003954 0.894128
v 0.886631 0.007951 0.907418
v 0.885492 0.028831 0.917744
v 0.899835 0.015225 0.918110
v 0.886436 0.015371 0.914462
v 0.875600 0.013956 0.893859
v 0.875225 0.028293 0.907470
v 0.879208 0.014992 0.907229
v 0.856446 1.672169 0.878448
v 0.855733 1.699417 0.849725
v 0.828475 1.670703 0.850458
v 0.856083 1.686043 0.874343
v 0.842472 1.671705 0.874709
v 0.842715 1.685006 0.870726
v 0.841854 1.695313 0.849823
v 0.855821 1.696045 0.863800
v 0.842531 1.692048 0.863303
v 0.832205 1.671167 0.864435
v 0.831848 1.684773 0.850092
v 0.835487 1.684627 0.863493
v 0.900317 -0.003186 0.750275
v 0.871594 0.024061 0.749542
v 0.899603 0.024062 0.721552
v 0.886242 0.000186 0.750177
v 0.900229 0.000186 0.736200
v 0.886748 0.003482 0.736697
v 0.875343 0.023794 0.735565
v 0.875699 0.010187 0.749908
v 0.879325 0.010523 0.736507
v 0.899967 0.010188 0.725657
v 0.885624 0.023794 0.725291
v 0.886563 0.010523 0.729274
v 0.855831 1.695649 0.705774
v 0.856583 1.666935 0.678517
v 0.828574 1.666935 0.706507
v 0.855939 1.691545 0.691895
v 0.841952 1.691545 0.705872
v 0.842648 1.687579 0.692582
v 0.842604 1.666667 0.682256
v 0.856215 1.681005 0.681890
v 0.842842 1.680158 0.685538
v 0.831947 1.681005 0.706141
v 0.832322 1.666667 0.692530
v 0.835604 1.680158 0.692771
v 1.044169 0.004351 0.894226
v 1.071427 0.033065 0.893493
v 1.043417 0.033065 0.921483
v 1.058048 0.008455 0.894128
v 1.044061 0.008455 0.908105
v 1.057352 0.012421 0.907418
v 1.067677 0.033333 0.907470
v 1.068053 0.018995 0.893859
v 1.064396 0.019842 0.907229
v 1.043785 0.018995 0.918110
v 1.057396 0.033333 0.917744
v 1.057158 0.019842 0.914462
v 0.999683 1.703187 0.849725
v 1.000397 1.675938 0.878448
v 1.028406 1.675939 0.850458
v 0.999771 1.699814 0.863800
v 1.013758 1.699814 0.849823
v 1.013252 1.696518 0.863303
v 1.014376 1.676206 0.874709
v 1.000033 1.689812 0.874343
v 1.013437 1.689476 0.870726
v 1.024301 1.689813 0.850092
v 1.024657 1.676206 0.864435
v 1.020675 1.689477 0.863493
v 1.044267 0.000583 0.750275
v 1.043554 0.027831 0.721552
v 1.071525 0.029297 0.749542
v 1.044179 0.003955 0.736200
v 1.058146 0.004687 0.750177
v 1.057469 0.007953 0.736697
v 1.057528 0.028295 0.725291
v 1.043917 0.013957 0.725657
v 1.057285 0.014994 0.729274
v 1.068152 0.015227 0.749908
v 1.067795 0.028833 0.735565
v 1.064513 0.015373 0.736507
v 0.999782 1.699418 0.705774
v 1.028505 1.672170 0.706507
v 1.000534 1.670705 0.678517
v 1.013857 1.696046 0.705872
v 0.999889 1.695314 0.691895
v 1.013369 1.692049 0.692582
v 1.024775 1.671707 0.692530
v 1.024400 1.686044 0.706141
v 1.020792 1.685008 0.692771
v 1.000165 1.684775 0.681890
v 1.014508 1.671169 0.682256
v 1.013564 1.684629 0.685538
vn -0.2323 -0.9312 0.2809
vn -0.2001 -0.6773 0.7080
vn -0.2504 -0.2388 0.9382
vn -0.6847 -0.2176 0.6956
vn -0.9250 -0.2741 0.2632
vn -0.6720 -0.7020 0.2358
vn -0.5624 -0.5770 0.5923
vn -0.2639 0.2741 0.9248
vn -0.2362 0.7020 0.6718
vn -0.2811 0.9312 0.2321
vn -0.7081 0.6773 0.1996
vn -0.9384 0.2387 0.2498
vn -0.6961 0.2176 0.6842
vn -0.5927 0.5769 0.5620
vn -0.2319 -0.9446 -0.2321
vn -0.6717 -0.7134 -0.1996
vn -0.9246 -0.2875 -0.2498
vn -0.6837 -0.2538 -0.6842
vn -0.2492 -0.2875 -0.9248
vn -0.1992 -0.7134 -0.6718
vn -0.5617 -0.6072 -0.5620
vn -0.2807 0.9178 -0.2809
vn -0.2353 0.6659 -0.7080
vn -0.2626 0.2253 -0.9382
vn -0.6951 0.1815 -0.6956
vn -0.9381 0.2253 -0.2632
vn -0.7078 0.6659 -0.2358
vn -0.5919 0.5467 -0.5923
vn 0.2807 -0.9178 0.2809
vn 0.7078 -0.6659 0.2358
vn 0.9381 -0.2253 0.2632
vn 0.6951 -0.1815 0.6956
vn 0.2626 -0.2253 0.9382
vn 0.2353 -0.6659 0.7080
vn 0.5919 -0.5467 0.5923
vn 0.2319 0.9446 0.2321
vn 0.1992 0.7134 0.6718
vn 0.2492 0.2875 0.9248
vn 0.6837 0.2538 0.6842
vn 0.9246 0.2875 0.2498
vn 0.6717 0.7134 0.1996
vn 0.5617 0.6072 0.5620
vn 0.2811 -0.9312 -0.2321
vn 0.2362 -0.7020 -0.6718
vn 0.2639 -0.2741 -0.9248
vn 0.6961 -0.2176 -0.6842
vn 0.9384 -0.2387 -0.2498
vn 0.7081 -0.6773 -0.1996
vn 0.5927 -0.5769 -0.5620
vn 0.2323 0.9312 -0.2809
vn 0.6720 0.7020 -0.2358
vn 0.9250 0.2741 -0.2632
vn 0.6847 0.2176 -0.6956
vn 0.2504 0.2388 -0.9382
vn 0.2001 0.6773 -0.7080
vn 0.5624 0.5770 -0.5923
vn -0.2331 -0.9721 0.0253
vn -0.6884 -0.7251 0.0185
vn -0.9589 -0.2836 0.0068
vn -0.2590 0.0185 0.9657
vn -0.7073 -0.0000 0.7069
vn -0.9659 -0.0185 0.2584
vn -0.2836 0.9586 -0.0253
vn -0.7254 0.6881 -0.0185
vn -0.9725 0.2330 -0.0068
vn -0.2577 -0.0320 -0.9657
vn -0.7064 -0.0370 -0.7069
vn -0.9655 -0.0321 -0.2584
vn 0.0255 -0.9721 -0.2331
vn 0.0190 -0.7251 -0.6884
vn 0.0074 -0.2836 -0.9589
vn -0.0251 0.9586 -0.2837
vn -0.0180 0.6881 -0.7254
vn -0.0061 0.2330 -0.9725
vn 0.9659 0.0185 -0.2584
vn 0.7073 -0.0000 -0.7069
vn 0.2590 -0.0185 -0.9657
vn 0.2836 -0.9586 0.0253
vn 0.7254 -0.6881 0.0185
vn 0.9725 -0.2330 0.0068
vn 0.2331 0.9721 -0.0253
vn 0.6884 0.7251 -0.0185
vn 0.9589 0.2836 -0.0068
vn 0.2577 0.0320 0.9657
vn 0.7064 0.0370 0.7069
vn 0.9655 0.0321 0.2584
vn 0.0251 -0.9586 0.2837
vn 0.0180 -0.6881 0.7254
vn 0.0061 -0.2330 0.9725
vn -0.0255 0.9721 0.2331
vn -0.0190 0.7251 0.6884
vn -0.0074 0.2836 0.9589
vn 0.0262 -0.9993 0.0262
vn -0.9997 -0.0262 -0.0000
vn -0.0007 0.0262 0.9997
vn -0.0262 0.9993 -0.0262
vn 0.0007 -0.0262 -0.9997
vn 0.9997 0.0262 -0.0000
vt 0.471078 0.099414
vt 0.470453 0.107674
vt 0.462258 0.107325
vt 0.462530 0.099414
vt 0.468735 0.113747
vt 0.461048 0.111600
vt 0.099414 0.985667
vt 0.107674 0.985667
vt 0.107325 0.993578
vt 0.099414 0.993928
vt 0.113747 0.985667
vt 0.111600 0.993578
vt 0.241827 0.947729
vt 0.241827 0.955027
vt 0.233916 0.954084
vt 0.233566 0.947104
vt 0.454987 0.099414
vt 0.456947 0.107325
vt 0.099414 0.014333
vt 0.099414 0.006072
vt 0.107325 0.006422
vt 0.107674 0.014333
vt 0.099414 0.000000
vt 0.107325 0.002147
vt 0.462285 0.128080
vt 0.454987 0.128080
vt 0.455930 0.120169
vt 0.462911 0.119819
vt 0.241827 0.000000
vt 0.241827 0.007542
vt 0.233916 0.007270
vt 0.233916 0.001960
vt 0.241827 0.016091
vt 0.233566 0.015466
vt 0.227494 0.013748
vt 0.229641 0.006061
vt 0.471078 0.014333
vt 0.462530 0.014333
vt 0.462258 0.006422
vt 0.470453 0.006072
vt 0.454987 0.014333
vt 0.456947 0.006422
vt 0.326907 0.947729
vt 0.335168 0.947104
vt 0.334818 0.954084
vt 0.326907 0.955027
vt 0.113747 0.985667
vt 0.119819 0.985667
vt 0.120169 0.993578
vt 0.115894 0.993578
vt 0.128080 0.985667
vt 0.128080 0.993928
vt 0.468735 0.000000
vt 0.461048 0.002147
vt 0.462285 0.213160
vt 0.462911 0.221421
vt 0.455930 0.221072
vt 0.454987 0.213160
vt 0.128080 0.000000
vt 0.128080 0.006072
vt 0.120169 0.006422
vt 0.120169 0.002147
vt 0.128080 0.014333
vt 0.119819 0.014333
vt 0.341240 0.013748
vt 0.335168 0.015466
vt 0.334818 0.007270
vt 0.339094 0.006061
vt 0.326907 0.016091
vt 0.326907 0.007542
vt 0.326907 0.000000
vt 0.334818 0.001960
vt 0.552682 0.099414
vt 0.559979 0.099414
vt 0.559037 0.107325
vt 0.552056 0.107674
vt 0.440654 0.955027
vt 0.440654 0.947484
vt 0.448565 0.947757
vt 0.448565 0.953067
vt 0.440654 0.938936
vt 0.448915 0.939561
vt 0.454987 0.941279
vt 0.452840 0.948966
vt 0.014333 0.985667
vt 0.014333 0.993928
vt 0.006422 0.993578
vt 0.006072 0.985667
vt 0.014333 1.000000
vt 0.006422 0.997853
vt 0.543888 0.128080
vt 0.544514 0.119819
vt 0.552709 0.120169
vt 0.552437 0.128080
vt 0.546232 0.113747
vt 0.553919 0.115894
vt 0.014333 0.014333
vt 0.006072 0.014333
vt 0.006422 0.006422
vt 0.014333 0.006072
vt 0.000000 0.014333
vt 0.002147 0.006422
vt 0.440654 0.007298
vt 0.440654 0.000000
vt 0.448565 0.000943
vt 0.448915 0.007923
vt 0.559980 0.128080
vt 0.558019 0.120169
vt 0.552682 0.014333
vt 0.552056 0.006072
vt 0.559037 0.006422
vt 0.559980 0.014333
vt 0.213160 1.000000
vt 0.213160 0.993928
vt 0.221072 0.993578
vt 0.221072 0.997853
vt 0.213160 0.985667
vt 0.221421 0.985667
vt 0.341240 0.941279
vt 0.347313 0.939561
vt 0.347662 0.947757
vt 0.343387 0.948966
vt 0.355574 0.938936
vt 0.355574 0.947484
vt 0.355574 0.955027
vt 0.347662 0.953067
vt 0.543888 0.213160
vt 0.552437 0.213160
vt 0.552709 0.221072
vt 0.544514 0.221421
vt 0.559980 0.213160
vt 0.558019 0.221072
vt 0.355574 0.007298
vt 0.347313 0.007923
vt 0.347662 0.000943
vt 0.355574 0.000000
vt 0.227494 0.014333
vt 0.221421 0.014333
vt 0.221072 0.006422
vt 0.225347 0.006422
vt 0.213160 0.014333
vt 0.213160 0.006072
vt 0.546232 0.227494
vt 0.553919 0.225347
vt 0.113747 0.014333
vt 0.113747 0.014333
vt 0.128080 1.000000
vt 0.213160 0.000000
vt 0.227494 0.985667
vt 0.000000 0.985667
vt 0.099414 1.000000
vt 0.014333 0.000000
s 0
usemtl Light_Stained_Pine
f 865/1357/883 868/1358/883 870/1359/883 869/1360/883
f 868/1358/884 872/1361/884 873/1362/884 870/1359/884
f 866/1363/885 871/1364/885 873/1365/885 872/1366/885
f 871/1364/886 875/1367/886 876/1368/886 873/1365/886
f 867/1369/887 874/1370/887 876/1371/887 875/1372/887
f 874/1373/888 869/1360/888 870/1359/888 876/1374/888
f 870/1359/889 873/1362/889 876/1374/889
f 877/1375/890 880/1376/890 882/1377/890 881/1378/890
f 880/1376/891 884/1379/891 885/1380/891 882/1377/891
f 878/1381/892 883/1382/892 885/1383/892 884/1384/892
f 883/1385/893 887/1386/893 888/1387/893 885/1388/893
f 879/1389/894 886/1390/894 888/1387/894 887/1386/894
f 886/1390/895 881/1391/895 882/1392/895 888/1387/895
f 882/1392/896 885/1388/896 888/1387/896
f 889/1393/897 892/1394/897 894/1395/897 893/1396/897
f 892/1394/898 896/1397/898 897/1398/898 894/1395/898
f 890/1399/899 895/1400/899 897/1401/899 896/1402/899
f 895/1403/900 899/1404/900 900/1405/900 897/1406/900
f 891/1407/901 898/1408/901 900/1405/901 899/1404/901
f 898/1409/902 893/1396/902 894/1395/902 900/1410/902
f 894/1395/903 897/1398/903 900/1410/903
f 901/1411/904 904/1412/904 906/1413/904 905/1414/904
f 904/1415/905 908/1416/905 909/1417/905 906/1418/905
f 902/1419/906 907/1420/906 909/1417/906 908/1416/906
f 907/1421/907 911/1422/907 912/1423/907 909/1424/907
f 903/1425/908 910/1426/908 912/1423/908 911/1422/908
f 910/1426/909 905/1427/909 906/1428/909 912/1423/909
f 906/1428/910 909/1424/910 912/1423/910
f 913/1429/911 916/1430/911 918/1431/911 917/1432/911
f 916/1433/912 920/1434/912 921/1435/912 918/1436/912
f 914/1437/913 919/1438/913 921/1435/913 920/1434/913
f 919/1438/914 923/1439/914 924/1440/914 921/1435/914
f 915/1441/915 922/1442/915 924/1443/915 923/1444/915
f 922/1442/916 917/1445/916 918/1446/916 924/1443/916
f 918/1436/917 921/1435/917 924/1440/917
f 925/1447/918 928/1448/918 930/1449/918 929/1450/918
f 928/1448/919 932/1451/919 933/1452/919 930/1449/919
f 926/1453/920 931/1454/920 933/1455/920 932/1456/920
f 931/1454/921 935/1457/921 936/1458/921 933/1455/921
f 927/1459/922 934/1460/922 936/1461/922 935/1462/922
f 934/1463/923 929/1450/923 930/1449/923 936/1464/923
f 930/1449/924 933/1452/924 936/1464/924
f 937/1465/925 940/1466/925 942/1467/925 941/1468/925
f 940/1469/926 944/1470/926 945/1471/926 942/1472/926
f 938/1473/927 943/1474/927 945/1471/927 944/1470/927
f 943/1475/928 947/1476/928 948/1477/928 945/1478/928
f 939/1479/929 946/1480/929 948/1477/929 947/1476/929
f 946/1480/930 941/1481/930 942/1482/930 948/1477/930
f 942/1482/931 945/1478/931 948/1477/931
f 949/1483/932 952/1484/932 954/1485/932 953/1486/932
f 952/1484/933 956/1487/933 957/1488/933 954/1485/933
f 950/1489/934 955/1490/934 957/1491/934 956/1492/934
f 955/1493/935 959/1494/935 960/1495/935 957/1496/935
f 951/1497/936 958/1498/936 960/1495/936 959/1494/936
f 958/1499/937 953/1486/937 954/1485/937 960/1500/937
f 954/1485/938 957/1488/938 960/1500/938
f 889/1393/939 865/1357/939 869/1360/939 892/1394/939
f 892/1394/940 869/1360/940 874/1373/940 896/1397/940
f 896/1402/941 874/1370/941 867/1369/941 890/1399/941
f 866/1363/942 877/1375/942 881/1378/942 871/1364/942
f 871/1364/943 881/1378/943 886/1501/943 875/1367/943
f 875/1372/944 886/1390/944 879/1389/944 867/1369/944
f 878/1381/945 901/1411/945 905/1414/945 883/1382/945
f 883/1385/946 905/1427/946 910/1426/946 887/1386/946
f 887/1386/947 910/1426/947 903/1425/947 879/1389/947
f 902/1419/948 891/1407/948 899/1404/948 907/1420/948
f 907/1420/949 899/1404/949 895/1403/949 911/1502/949
f 911/1422/950 895/1400/950 890/1399/950 903/1425/950
f 937/1465/951 889/1393/951 893/1396/951 940/1466/951
f 940/1469/952 893/1503/952 898/1408/952 944/1470/952
f 944/1470/953 898/1408/953 891/1407/953 938/1473/953
f 901/1411/954 949/1483/954 953/1486/954 904/1412/954
f 904/1415/955 953/1504/955 958/1498/955 908/1416/955
f 908/1416/956 958/1498/956 951/1497/956 902/1419/956
f 950/1489/957 939/1479/957 947/1476/957 955/1490/957
f 955/1493/958 947/1505/958 943/1474/958 959/1494/958
f 959/1494/959 943/1474/959 938/1473/959 951/1497/959
f 913/1429/960 937/1465/960 941/1468/960 916/1430/960
f 916/1433/961 941/1481/961 946/1480/961 920/1434/961
f 920/1434/962 946/1480/962 939/1479/962 914/1437/962
f 949/1483/963 925/1447/963 929/1450/963 952/1484/963
f 952/1484/964 929/1450/964 934/1463/964 956/1487/964
f 956/1492/965 934/1460/965 927/1459/965 950/1489/965
f 926/1453/966 915/1441/966 923/1444/966 931/1454/966
f 931/1454/967 923/1444/967 919/1506/967 935/1457/967
f 935/1462/968 919/1438/968 914/1437/968 927/1459/968
f 865/1357/969 913/1429/969 917/1432/969 868/1358/969
f 868/1507/970 917/1445/970 922/1442/970 872/1366/970
f 872/1366/971 922/1442/971 915/1441/971 866/1363/971
f 925/1447/972 878/1381/972 884/1384/972 928/1448/972
f 928/1508/973 884/1379/973 880/1376/973 932/1456/973
f 932/1456/974 880/1376/974 877/1375/974 926/1453/974
f 889/1393/975 937/1465/975 913/1429/975 865/1357/975
f 867/1369/976 879/1389/976 903/1425/976 890/1399/976
f 915/1441/977 926/1453/977 877/1375/977 866/1363/977
f 949/1483/978 901/1411/978 878/1381/978 925/1447/978
f 891/1407/979 902/1419/979 951/1497/979 938/1473/979
f 939/1479/980 950/1489/980 927/1459/980 914/1437/980
o Back_Left_Post
v -1.035000 0.000000 -0.745000
v -1.035000 0.030000 -0.715000
v -1.065000 0.030000 -0.745000
v -1.035000 0.004008 -0.730020
v -1.049980 0.004008 -0.745000
v -1.049346 0.007901 -0.730654
v -1.049980 0.030000 -0.719008
v -1.035000 0.015020 -0.719008
v -1.049346 0.015654 -0.722901
v -1.060992 0.015020 -0.745000
v -1.060992 0.030000 -0.730020
v -1.057099 0.015654 -0.730654
v -1.035000 4.350000 -0.715000
v -1.035000 4.380000 -0.745000
v -1.065000 4.350000 -0.745000
v -1.035000 4.364981 -0.719008
v -1.049980 4.350000 -0.719008
v -1.049346 4.364347 -0.722901
v -1.049980 4.375992 -0.745000
v -1.035000 4.375992 -0.730020
v -1.049346 4.372099 -0.730654
v -1.060992 4.350000 -0.730020
v -1.060992 4.364981 -0.745000
v -1.057099 4.364347 -0.730654
v -1.035000 0.000000 -0.895000
v -1.065000 0.030000 -0.895000
v -1.035000 0.030000 -0.925000
v -1.049980 0.004008 -0.895000
v -1.035000 0.004008 -0.909980
v -1.049346 0.007901 -0.909346
v -1.060992 0.030000 -0.909980
v -1.060992 0.015020 -0.895000
v -1.057099 0.015654 -0.909346
v -1.035000 0.015020 -0.920992
v -1.049980 0.030000 -0.920992
v -1.049346 0.015654 -0.917099
v -1.035000 4.380000 -0.895000
v -1.035000 4.350000 -0.925000
v -1.065000 4.350000 -0.895000
v -1.035000 4.375992 -0.909980
v -1.049980 4.375992 -0.895000
v -1.049346 4.372099 -0.909346
v -1.049980 4.350000 -0.920992
v -1.035000 4.364981 -0.920992
v -1.049346 4.364347 -0.917099
v -1.060992 4.364981 -0.895000
v -1.060992 4.350000 -0.909980
v -1.057099 4.364347 -0.909346
v -0.885000 0.000000 -0.745000
v -0.855000 0.030000 -0.745000
v -0.885000 0.030000 -0.715000
v -0.870020 0.004008 -0.745000
v -0.885000 0.004008 -0.730020
v -0.870654 0.007901 -0.730654
v -0.859008 0.030000 -0.730020
v -0.859008 0.015020 -0.745000
v -0.862901 0.015654 -0.730654
v -0.885000 0.015020 -0.719008
v -0.870020 0.030000 -0.719008
v -0.870654 0.015654 -0.722901
v -0.885000 4.380000 -0.745000
v -0.885000 4.350000 -0.715000
v -0.855000 4.350000 -0.745000
v -0.885000 4.375992 -0.730020
v -0.870020 4.375992 -0.745000
v -0.870654 4.372099 -0.730654
v -0.870020 4.350000 -0.719008
v -0.885000 4.364981 -0.719008
v -0.870654 4.364347 -0.722901
v -0.859008 4.364981 -0.745000
v -0.859008 4.350000 -0.730020
v -0.862901 4.364347 -0.730654
v -0.885000 0.000000 -0.895000
v -0.885000 0.030000 -0.925000
v -0.855000 0.030000 -0.895000
v -0.885000 0.004008 -0.909980
v -0.870020 0.004008 -0.895000
v -0.870654 0.007901 -0.909346
v -0.870020 0.030000 -0.920992
v -0.885000 0.015020 -0.920992
v -0.870654 0.015654 -0.917099
v -0.859008 0.015020 -0.895000
v -0.859008 0.030000 -0.909980
v -0.862901 0.015654 -0.909346
v -0.885000 4.380000 -0.895000
v -0.855000 4.350000 -0.895000
v -0.885000 4.350000 -0.925000
v -0.870020 4.375992 -0.895000
v -0.885000 4.375992 -0.909980
v -0.870654 4.372099 -0.909346
v -0.859008 4.350000 -0.909980
v -0.859008 4.364981 -0.895000
v -0.862901 4.364347 -0.909346
v -0.885000 4.364981 -0.920992
v -0.870020 4.350000 -0.920992
v -0.870654 4.364347 -0.917099
vn -0.2566 -0.9318 0.2566
vn -0.2178 -0.6901 0.6901
vn -0.2566 -0.2566 0.9318
vn -0.6901 -0.2178 0.6901
vn -0.9318 -0.2566 0.2566
vn -0.6901 -0.6901 0.2178
vn -0.5773 -0.5774 0.5774
vn -0.2566 0.2566 0.9318
vn -0.2178 0.6901 0.6901
vn -0.2566 0.9318 0.2566
vn -0.6901 0.6901 0.2178
vn -0.9318 0.2566 0.2566
vn -0.6901 0.2178 0.6901
vn -0.5773 0.5774 0.5774
vn -0.2566 -0.9318 -0.2566
vn -0.6901 -0.6901 -0.2178
vn -0.9318 -0.2566 -0.2566
vn -0.6901 -0.2178 -0.6901
vn -0.2566 -0.2566 -0.9318
vn -0.2178 -0.6901 -0.6901
vn -0.5773 -0.5774 -0.5774
vn -0.2566 0.9318 -0.2566
vn -0.2178 0.6901 -0.6901
vn -0.2566 0.2566 -0.9318
vn -0.6901 0.2178 -0.6901
vn -0.9318 0.2566 -0.2566
vn -0.6901 0.6901 -0.2178
vn -0.5773 0.5774 -0.5774
vn 0.2566 -0.9318 0.2566
vn 0.6901 -0.6901 0.2178
vn 0.9318 -0.2566 0.2566
vn 0.6901 -0.2178 0.6901
vn 0.2566 -0.2566 0.9318
vn 0.2178 -0.6901 0.6901
vn 0.5773 -0.5774 0.5774
vn 0.2566 0.9318 0.2566
vn 0.2178 0.6901 0.6901
vn 0.2566 0.2566 0.9318
vn 0.6901 0.2178 0.6901
vn 0.9318 0.2566 0.2566
vn 0.6901 0.6901 0.2178
vn 0.5773 0.5774 0.5774
vn 0.2566 -0.9318 -0.2566
vn 0.2178 -0.6901 -0.6901
vn 0.2566 -0.2566 -0.9318
vn 0.6901 -0.2178 -0.6901
vn 0.9318 -0.2566 -0.2566
vn 0.6901 -0.6901 -0.2178
vn 0.5773 -0.5774 -0.5774
vn 0.2566 0.9318 -0.2566
vn 0.6901 0.6901 -0.2178
vn 0.9318 0.2566 -0.2566
vn 0.6901 0.2178 -0.6901
vn 0.2566 0.2566 -0.9318
vn 0.2178 0.6901 -0.6901
vn 0.5773 0.5774 -0.5774
vn -0.2585 -0.9660 -0.0000
vn -0.7071 -0.7071 -0.0000
vn -0.9660 -0.2585 -0.0000
vn -0.2585 -0.0000 0.9660
vn -0.7071 -0.0000 0.7071
vn -0.9660 -0.0000 0.2585
vn -0.2585 0.9660 -0.0000
vn -0.7071 0.7071 -0.0000
vn -0.9660 0.2585 -0.0000
vn -0.2585 -0.0000 -0.9660
vn -0.7071 -0.0000 -0.7071
vn -0.9660 -0.0000 -0.2585
vn -0.0000 -0.9660 -0.2584
vn -0.0000 -0.7071 -0.7071
vn -0.0000 -0.2585 -0.9660
vn -0.0000 0.9660 -0.2584
vn -0.0000 0.7071 -0.7071
vn -0.0000 0.2585 -0.9660
vn 0.9660 -0.0000 -0.2585
vn 0.7071 -0.0000 -0.7071
vn 0.2585 -0.0000 -0.9660
vn 0.2585 -0.9660 -0.0000
vn 0.7071 -0.7071 -0.0000
vn 0.9660 -0.2585 -0.0000
vn 0.2585 0.9660 -0.0000
vn 0.7071 0.7071 -0.0000
vn 0.9660 0.2585 -0.0000
vn 0.2585 -0.0000 0.9660
vn 0.7071 -0.0000 0.7071
vn 0.9660 -0.0000 0.2585
vn -0.0000 -0.9660 0.2584
vn -0.0000 -0.7071 0.7071
vn -0.0000 -0.2585 0.9660
vn -0.0000 0.9660 0.2584
vn -0.0000 0.7071 0.7071
vn -0.0000 0.2585 0.9660
vn -0.0000 -1.0000 -0.0000
vn -1.0000 -0.0000 -0.0000
vn -0.0000 -0.0000 1.0000
vn -0.0000 1.0000 -0.0000
vn -0.0000 -0.0000 -1.0000
vn 1.0000 -0.0000 -0.0000
vt 0.224380 0.005945
vt 0.224121 0.002519
vt 0.227016 0.002664
vt 0.227407 0.005945
vt 0.040255 1.000000
vt 0.040255 0.997481
vt 0.043536 0.997336
vt 0.043536 0.999110
vt 0.040255 0.994055
vt 0.043681 0.994055
vt 0.092399 0.951728
vt 0.094918 0.951015
vt 0.095063 0.954414
vt 0.093290 0.954916
vt 0.098344 0.950756
vt 0.098344 0.954302
vt 0.098344 0.957430
vt 0.095063 0.956617
vt 0.040255 0.005945
vt 0.040255 0.002519
vt 0.043536 0.002664
vt 0.043681 0.005945
vt 0.221705 0.092399
vt 0.220992 0.089881
vt 0.224392 0.089736
vt 0.224893 0.091509
vt 0.220733 0.086454
vt 0.224279 0.086454
vt 0.227407 0.086454
vt 0.226594 0.089736
vt 0.098344 0.003027
vt 0.094918 0.003286
vt 0.095063 0.000391
vt 0.098344 0.000000
vt 0.046200 0.005945
vt 0.045309 0.002664
vt 0.224380 0.040255
vt 0.227407 0.040255
vt 0.227016 0.043536
vt 0.224121 0.043681
vt 0.132654 0.957430
vt 0.132654 0.954302
vt 0.135935 0.954414
vt 0.135935 0.956617
vt 0.132654 0.950756
vt 0.136080 0.951015
vt 0.138599 0.951728
vt 0.137709 0.954916
vt 0.052145 0.994055
vt 0.052145 0.997481
vt 0.048863 0.997336
vt 0.048718 0.994055
vt 0.052145 1.000000
vt 0.048863 0.999110
vt 0.220733 0.052145
vt 0.220992 0.048718
vt 0.224392 0.048863
vt 0.224279 0.052145
vt 0.221705 0.046200
vt 0.224893 0.047090
vt 0.052145 0.005945
vt 0.048718 0.005945
vt 0.048863 0.002664
vt 0.052145 0.002519
vt 0.047090 0.002664
vt 0.132654 0.003027
vt 0.132654 0.000000
vt 0.135935 0.000391
vt 0.136080 0.003286
vt 0.227407 0.052145
vt 0.226594 0.048863
vt 0.191473 0.005945
vt 0.187927 0.005945
vt 0.187814 0.002664
vt 0.191214 0.002519
vt 0.184799 0.005945
vt 0.185612 0.002664
vt 0.178854 0.954403
vt 0.182280 0.954144
vt 0.182135 0.957039
vt 0.178854 0.957430
vt 0.000000 0.994055
vt 0.002519 0.994055
vt 0.002664 0.997336
vt 0.000890 0.997336
vt 0.005945 0.994055
vt 0.005945 0.997481
vt 0.190501 -0.000000
vt 0.187313 0.000890
vt 0.187826 0.086454
vt 0.188085 0.089881
vt 0.185190 0.089736
vt 0.184799 0.086454
vt 0.005945 0.000000
vt 0.005945 0.002519
vt 0.002664 0.002664
vt 0.002664 0.000890
vt 0.005945 0.005945
vt 0.002519 0.005945
vt 0.184799 0.005702
vt 0.182280 0.006415
vt 0.182135 0.003016
vt 0.183908 0.002514
vt 0.178854 0.006674
vt 0.178854 0.003128
vt 0.178854 0.000000
vt 0.182135 0.000813
vt 0.191473 0.040255
vt 0.191214 0.043681
vt 0.187814 0.043536
vt 0.187927 0.040255
vt 0.190501 0.046200
vt 0.187313 0.045309
vt 0.086454 0.994055
vt 0.089881 0.994055
vt 0.089736 0.997336
vt 0.086454 0.997481
vt 0.092399 0.994055
vt 0.091509 0.997336
vt 0.144544 0.954403
vt 0.144544 0.957430
vt 0.141263 0.957039
vt 0.141118 0.954144
vt 0.184799 0.040255
vt 0.185612 0.043536
vt 0.187826 0.052145
vt 0.184799 0.052145
vt 0.185190 0.048863
vt 0.188085 0.048718
vt 0.144544 0.000000
vt 0.144544 0.003128
vt 0.141263 0.003016
vt 0.141263 0.000813
vt 0.144544 0.006674
vt 0.141118 0.006415
vt 0.138599 0.005702
vt 0.139490 0.002514
vt 0.086454 0.005945
vt 0.086454 0.002519
vt 0.089736 0.002664
vt 0.089881 0.005945
vt 0.086454 0.000000
vt 0.089736 0.000890
vt 0.046200 0.994055
vt 0.086454 1.000000
vt 0.052145 0.000000
vt 0.092399 0.005945
vt 0.000000 0.005945
vt 0.005945 1.000000
vt 0.040255 0.000000
s 0
usemtl Light_Stained_Pine
f 961/1509/981 964/1510/981 966/1511/981 965/1512/981
f 964/1513/982 968/1514/982 969/1515/982 966/1516/982
f 962/1517/983 967/1518/983 969/1515/983 968/1514/983
f 967/1519/984 971/1520/984 972/1521/984 969/1522/984
f 963/1523/985 970/1524/985 972/1521/985 971/1520/985
f 970/1524/986 965/1525/986 966/1526/986 972/1521/986
f 966/1526/987 969/1522/987 972/1521/987
f 973/1527/988 976/1528/988 978/1529/988 977/1530/988
f 976/1531/989 980/1532/989 981/1533/989 978/1534/989
f 974/1535/990 979/1536/990 981/1533/990 980/1532/990
f 979/1536/991 983/1537/991 984/1538/991 981/1533/991
f 975/1539/992 982/1540/992 984/1541/992 983/1542/992
f 982/1543/993 977/1530/993 978/1529/993 984/1544/993
f 978/1534/994 981/1533/994 984/1538/994
f 985/1545/995 988/1546/995 990/1547/995 989/1548/995
f 988/1549/996 992/1550/996 993/1551/996 990/1552/996
f 986/1553/997 991/1554/997 993/1551/997 992/1550/997
f 991/1554/998 995/1555/998 996/1556/998 993/1551/998
f 987/1557/999 994/1558/999 996/1559/999 995/1560/999
f 994/1558/1000 989/1561/1000 990/1562/1000 996/1559/1000
f 990/1552/1001 993/1551/1001 996/1556/1001
f 997/1563/1002 1000/1564/1002 1002/1565/1002 1001/1566/1002
f 1000/1564/1003 1004/1567/1003 1005/1568/1003 1002/1565/1003
f 998/1569/1004 1003/1570/1004 1005/1571/1004 1004/1572/1004
f 1003/1570/1005 1007/1543/1005 1008/1573/1005 1005/1571/1005
f 999/1574/1006 1006/1575/1006 1008/1576/1006 1007/1577/1006
f 1006/1578/1007 1001/1566/1007 1002/1565/1007 1008/1579/1007
f 1002/1565/1008 1005/1568/1008 1008/1579/1008
f 1009/1580/1009 1012/1581/1009 1014/1582/1009 1013/1583/1009
f 1012/1581/1010 1016/1584/1010 1017/1585/1010 1014/1582/1010
f 1010/1586/1011 1015/1587/1011 1017/1588/1011 1016/1589/1011
f 1015/1590/1012 1019/1591/1012 1020/1592/1012 1017/1593/1012
f 1011/1594/1013 1018/1595/1013 1020/1592/1013 1019/1591/1013
f 1018/1596/1014 1013/1583/1014 1014/1582/1014 1020/1597/1014
f 1014/1582/1015 1017/1585/1015 1020/1597/1015
f 1021/1598/1016 1024/1599/1016 1026/1600/1016 1025/1601/1016
f 1024/1602/1017 1028/1603/1017 1029/1604/1017 1026/1605/1017
f 1022/1606/1018 1027/1607/1018 1029/1604/1018 1028/1603/1018
f 1027/1608/1019 1031/1609/1019 1032/1610/1019 1029/1611/1019
f 1023/1612/1020 1030/1613/1020 1032/1610/1020 1031/1609/1020
f 1030/1613/1021 1025/1614/1021 1026/1615/1021 1032/1610/1021
f 1026/1615/1022 1029/1611/1022 1032/1610/1022
f 1033/1616/1023 1036/1617/1023 1038/1618/1023 1037/1619/1023
f 1036/1617/1024 1040/1620/1024 1041/1621/1024 1038/1618/1024
f 1034/1622/1025 1039/1623/1025 1041/1624/1025 1040/1625/1025
f 1039/1623/1026 1043/1626/1026 1044/1627/1026 1041/1624/1026
f 1035/1628/1027 1042/1629/1027 1044/1630/1027 1043/1631/1027
f 1042/1632/1028 1037/1619/1028 1038/1618/1028 1044/1633/1028
f 1038/1618/1029 1041/1621/1029 1044/1633/1029
f 1045/1634/1030 1048/1635/1030 1050/1636/1030 1049/1637/1030
f 1048/1638/1031 1052/1639/1031 1053/1640/1031 1050/1641/1031
f 1046/1642/1032 1051/1643/1032 1053/1640/1032 1052/1639/1032
f 1051/1643/1033 1055/1644/1033 1056/1645/1033 1053/1640/1033
f 1047/1646/1034 1054/1647/1034 1056/1648/1034 1055/1649/1034
f 1054/1647/1035 1049/1650/1035 1050/1651/1035 1056/1648/1035
f 1050/1641/1036 1053/1640/1036 1056/1645/1036
f 985/1545/1037 961/1509/1037 965/1512/1037 988/1546/1037
f 988/1549/1038 965/1525/1038 970/1524/1038 992/1550/1038
f 992/1550/1039 970/1524/1039 963/1523/1039 986/1553/1039
f 962/1517/1040 973/1527/1040 977/1530/1040 967/1518/1040
f 967/1518/1041 977/1530/1041 982/1543/1041 971/1652/1041
f 971/1520/1042 982/1540/1042 975/1539/1042 963/1523/1042
f 974/1535/1043 997/1563/1043 1001/1566/1043 979/1536/1043
f 979/1536/1044 1001/1566/1044 1006/1578/1044 983/1537/1044
f 983/1542/1045 1006/1575/1045 999/1574/1045 975/1539/1045
f 998/1569/1046 987/1557/1046 995/1560/1046 1003/1570/1046
f 1003/1570/1047 995/1560/1047 991/1652/1047 1007/1543/1047
f 1007/1577/1048 991/1554/1048 986/1553/1048 999/1574/1048
f 1033/1616/1049 985/1545/1049 989/1548/1049 1036/1617/1049
f 1036/1653/1050 989/1561/1050 994/1558/1050 1040/1625/1050
f 1040/1625/1051 994/1558/1051 987/1557/1051 1034/1622/1051
f 997/1563/1052 1045/1634/1052 1049/1637/1052 1000/1564/1052
f 1000/1654/1053 1049/1650/1053 1054/1647/1053 1004/1572/1053
f 1004/1572/1054 1054/1647/1054 1047/1646/1054 998/1569/1054
f 1046/1642/1055 1035/1628/1055 1043/1631/1055 1051/1643/1055
f 1051/1655/1056 1043/1626/1056 1039/1623/1056 1055/1649/1056
f 1055/1649/1057 1039/1623/1057 1034/1622/1057 1047/1646/1057
f 1009/1580/1058 1033/1616/1058 1037/1619/1058 1012/1581/1058
f 1012/1581/1059 1037/1619/1059 1042/1632/1059 1016/1584/1059
f 1016/1589/1060 1042/1629/1060 1035/1628/1060 1010/1586/1060
f 1045/1634/1061 1021/1598/1061 1025/1601/1061 1048/1635/1061
f 1048/1638/1062 1025/1614/1062 1030/1613/1062 1052/1639/1062
f 1052/1639/1063 1030/1613/1063 1023/1612/1063 1046/1642/1063
f 1022/1606/1064 1011/1594/1064 1019/1591/1064 1027/1607/1064
f 1027/1607/1065 1019/1591/1065 1015/1590/1065 1031/1656/1065
f 1031/1609/1066 1015/1587/1066 1010/1586/1066 1023/1612/1066
f 961/1509/1067 1009/1580/1067 1013/1583/1067 964/1510/1067
f 964/1513/1068 1013/1657/1068 1018/1595/1068 968/1514/1068
f 968/1514/1069 1018/1595/1069 1011/1594/1069 962/1517/1069
f 1021/1598/1070 974/1535/1070 980/1532/1070 1024/1599/1070
f 1024/1602/1071 980/1658/1071 976/1528/1071 1028/1603/1071
f 1028/1603/1072 976/1528/1072 973/1527/1072 1022/1606/1072
f 985/1545/1073 1033/1616/1073 1009/1580/1073 961/1509/1073
f 963/1523/1074 975/1539/1074 999/1574/1074 986/1553/1074
f 1011/1594/1075 1022/1606/1075 973/1527/1075 962/1517/1075
f 1045/1634/1076 997/1563/1076 974/1535/1076 1021/1598/1076
f 987/1557/1077 998/1569/1077 1047/1646/1077 1034/1622/1077
f 1035/1628/1078 1046/1642/1078 1023/1612/1078 1010/1586/1078
o Back_Right_Post
v 0.885000 0.000000 -0.745000
v 0.885000 0.030000 -0.715000
v 0.855000 0.030000 -0.745000
v 0.885000 0.004008 -0.730020
v 0.870020 0.004008 -0.745000
v 0.870654 0.007901 -0.730654
v 0.870020 0.030000 -0.719008
v 0.885000 0.015020 -0.719008
v 0.870654 0.015654 -0.722901
v 0.859008 0.015020 -0.745000
v 0.859008 0.030000 -0.730020
v 0.862901 0.015654 -0.730654
v 0.885000 4.350000 -0.715000
v 0.885000 4.380000 -0.745000
v 0.855000 4.350000 -0.745000
v 0.885000 4.364981 -0.719008
v 0.870020 4.350000 -0.719008
v 0.870654 4.364347 -0.722901
v 0.870020 4.375992 -0.745000
v 0.885000 4.375992 -0.730020
v 0.870654 4.372099 -0.730654
v 0.859008 4.350000 -0.730020
v 0.859008 4.364981 -0.745000
v 0.862901 4.364347 -0.730654
v 0.885000 0.000000 -0.895000
v 0.855000 0.030000 -0.895000
v 0.885000 0.030000 -0.925000
v 0.870020 0.004008 -0.895000
v 0.885000 0.004008 -0.909980
v 0.870654 0.007901 -0.909346
v 0.859008 0.030000 -0.909980
v 0.859008 0.015020 -0.895000
v 0.862901 0.015654 -0.909346
v 0.885000 0.015020 -0.920992
v 0.870020 0.030000 -0.920992
v 0.870654 0.015654 -0.917099
v 0.885000 4.380000 -0.895000
v 0.885000 4.350000 -0.925000
v 0.855000 4.350000 -0.895000
v 0.885000 4.375992 -0.909980
v 0.870020 4.375992 -0.895000
v 0.870654 4.372099 -0.909346
v 0.870020 4.350000 -0.920992
v 0.885000 4.364981 -0.920992
v 0.870654 4.364347 -0.917099
v 0.859008 4.364981 -0.895000
v 0.859008 4.350000 -0.909980
v 0.862901 4.364347 -0.909346
v 1.035000 0.000000 -0.745000
v 1.065000 0.030000 -0.745000
v 1.035000 0.030000 -0.715000
v 1.049980 0.004008 -0.745000
v 1.035000 0.004008 -0.730020
v 1.049346 0.007901 -0.730654
v 1.060992 0.030000 -0.730020
v 1.060992 0.015020 -0.745000
v 1.057099 0.015654 -0.730654
v 1.035000 0.015020 -0.719008
v 1.049980 0.030000 -0.719008
v 1.049346 0.015654 -0.722901
v 1.035000 4.380000 -0.745000
v 1.035000 4.350000 -0.715000
v 1.065000 4.350000 -0.745000
v 1.035000 4.375992 -0.730020
v 1.049980 4.375992 -0.745000
v 1.049346 4.372099 -0.730654
v 1.049980 4.350000 -0.719008
v 1.035000 4.364981 -0.719008
v 1.049346 4.364347 -0.722901
v 1.060992 4.364981 -0.745000
v 1.060992 4.350000 -0.730020
v 1.057099 4.364347 -0.730654
v 1.035000 0.000000 -0.895000
v 1.035000 0.030000 -0.925000
v 1.065000 0.030000 -0.895000
v 1.035000 0.004008 -0.909980
v 1.049980 0.004008 -0.895000
v 1.049346 0.007901 -0.909346
v 1.049980 0.030000 -0.920992
v 1.035000 0.015020 -0.920992
v 1.049346 0.015654 -0.917099
v 1.060992 0.015020 -0.895000
v 1.060992 0.030000 -0.909980
v 1.057099 0.015654 -0.909346
v 1.035000 4.380000 -0.895000
v 1.065000 4.350000 -0.895000
v 1.035000 4.350000 -0.925000
v 1.049980 4.375992 -0.895000
v 1.035000 4.375992 -0.909980
v 1.049346 4.372099 -0.909346
v 1.060992 4.350000 -0.909980
v 1.060992 4.364981 -0.895000
v 1.057099 4.364347 -0.909346
v 1.035000 4.364981 -0.920992
v 1.049980 4.350000 -0.920992
v 1.049346 4.364347 -0.917099
vn -0.2566 -0.9318 0.2566
vn -0.2178 -0.6901 0.6901
vn -0.2566 -0.2566 0.9318
vn -0.6901 -0.2178 0.6901
vn -0.9318 -0.2566 0.2566
vn -0.6901 -0.6901 0.2178
vn -0.5773 -0.5774 0.5774
vn -0.2566 0.2566 0.9318
vn -0.2178 0.6901 0.6901
vn -0.2566 0.9318 0.2566
vn -0.6901 0.6901 0.2178
vn -0.9318 0.2566 0.2566
vn -0.6901 0.2178 0.6901
vn -0.5773 0.5774 0.5774
vn -0.2566 -0.9318 -0.2566
vn -0.6901 -0.6901 -0.2178
vn -0.9318 -0.2566 -0.2566
vn -0.6901 -0.2178 -0.6901
vn -0.2566 -0.2566 -0.9318
vn -0.2178 -0.6901 -0.6901
vn -0.5773 -0.5774 -0.5774
vn -0.2566 0.9318 -0.2566
vn -0.2178 0.6901 -0.6901
vn -0.2566 0.2566 -0.9318
vn -0.6901 0.2178 -0.6901
vn -0.9318 0.2566 -0.2566
vn -0.6901 0.6901 -0.2178
vn -0.5773 0.5774 -0.5774
vn 0.2566 -0.9318 0.2566
vn 0.6901 -0.6901 0.2178
vn 0.9318 -0.2566 0.2566
vn 0.6901 -0.2178 0.6901
vn 0.2566 -0.2566 0.9318
vn 0.2178 -0.6901 0.6901
vn 0.5773 -0.5774 0.5774
vn 0.2566 0.9318 0.2566
vn 0.2178 0.6901 0.6901
vn 0.2566 0.2566 0.9318
vn 0.6901 0.2178 0.6901
vn 0.9318 0.2566 0.2566
vn 0.6901 0.6901 0.2178
vn 0.5773 0.5774 0.5774
vn 0.2566 -0.9318 -0.2566
vn 0.2178 -0.6901 -0.6901
vn 0.2566 -0.2566 -0.9318
vn 0.6901 -0.2178 -0.6901
vn 0.9318 -0.2566 -0.2566
vn 0.6901 -0.6901 -0.2178
vn 0.5773 -0.5774 -0.5774
vn 0.2566 0.9318 -0.2566
vn 0.6901 0.6901 -0.2178
vn 0.9318 0.2566 -0.2566
vn 0.6901 0.2178 -0.6901
vn 0.2566 0.2566 -0.9318
vn 0.2178 0.6901 -0.6901
vn 0.5773 0.5774 -0.5774
vn -0.2585 -0.9660 -0.0000
vn -0.7071 -0.7071 -0.0000
vn -0.9660 -0.2585 -0.0000
vn -0.2585 -0.0000 0.9660
vn -0.7071 -0.0000 0.7071
vn -0.9660 -0.0000 0.2585
vn -0.2585 0.9660 -0.0000
vn -0.7071 0.7071 -0.0000
vn -0.9660 0.2585 -0.0000
vn -0.2585 -0.0000 -0.9660
vn -0.7071 -0.0000 -0.7071
vn -0.9660 -0.0000 -0.2585
vn -0.0000 -0.9660 -0.2584
vn -0.0000 -0.7071 -0.7071
vn -0.0000 -0.2585 -0.9660
vn -0.0000 0.9660 -0.2584
vn -0.0000 0.7071 -0.7071
vn -0.0000 0.2585 -0.9660
vn 0.9660 -0.0000 -0.2585
vn 0.7071 -0.0000 -0.7071
vn 0.2585 -0.0000 -0.9660
vn 0.2585 -0.9660 -0.0000
vn 0.7071 -0.7071 -0.0000
vn 0.9660 -0.2585 -0.0000
vn 0.2585 0.9660 -0.0000
vn 0.7071 0.7071 -0.0000
vn 0.9660 0.2585 -0.0000
vn 0.2585 -0.0000 0.9660
vn 0.7071 -0.0000 0.7071
vn 0.9660 -0.0000 0.2585
vn -0.0000 -0.9660 0.2584
vn -0.0000 -0.7071 0.7071
vn -0.0000 -0.2585 0.9660
vn -0.0000 0.9660 0.2584
vn -0.0000 0.7071 0.7071
vn -0.0000 0.2585 0.9660
vn -0.0000 -1.0000 -0.0000
vn -1.0000 -0.0000 -0.0000
vn -0.0000 -0.0000 1.0000
vn -0.0000 1.0000 -0.0000
vn -0.0000 -0.0000 -1.0000
vn 1.0000 -0.0000 -0.0000
vt 0.224380 0.005945
vt 0.224121 0.002519
vt 0.227016 0.002664
vt 0.227407 0.005945
vt 0.040255 1.000000
vt 0.040255 0.997481
vt 0.043536 0.997336
vt 0.043536 0.999110
vt 0.040255 0.994055
vt 0.043681 0.994055
vt 0.092399 0.951728
vt 0.094918 0.951015
vt 0.095063 0.954414
vt 0.093290 0.954916
vt 0.098344 0.950756
vt 0.098344 0.954302
vt 0.098344 0.957430
vt 0.095063 0.956617
vt 0.040255 0.005945
vt 0.040255 0.002519
vt 0.043536 0.002664
vt 0.043681 0.005945
vt 0.221705 0.092399
vt 0.220992 0.089881
vt 0.224392 0.089736
vt 0.224893 0.091509
vt 0.220733 0.086454
vt 0.224279 0.086454
vt 0.227407 0.086454
vt 0.226594 0.089736
vt 0.098344 0.003027
vt 0.094918 0.003286
vt 0.095063 0.000391
vt 0.098344 0.000000
vt 0.046200 0.005945
vt 0.045309 0.002664
vt 0.224380 0.040255
vt 0.227407 0.040255
vt 0.227016 0.043536
vt 0.224121 0.043681
vt 0.132654 0.957430
vt 0.132654 0.954302
vt 0.135935 0.954414
vt 0.135935 0.956617
vt 0.132654 0.950756
vt 0.136080 0.951015
vt 0.138599 0.951728
vt 0.137709 0.954916
vt 0.052145 0.994055
vt 0.052145 0.997481
vt 0.048863 0.997336
vt 0.048718 0.994055
vt 0.052145 1.000000
vt 0.048863 0.999110
vt 0.220733 0.052145
vt 0.220992 0.048718
vt 0.224392 0.048863
vt 0.224279 0.052145
vt 0.221705 0.046200
vt 0.224893 0.047090
vt 0.052145 0.005945
vt 0.048718 0.005945
vt 0.048863 0.002664
vt 0.052145 0.002519
vt 0.047090 0.002664
vt 0.132654 0.003027
vt 0.132654 0.000000
vt 0.135935 0.000391
vt 0.136080 0.003286
vt 0.227407 0.052145
vt 0.226594 0.048863
vt 0.191473 0.005945
vt 0.187927 0.005945
vt 0.187814 0.002664
vt 0.191214 0.002519
vt 0.184799 0.005945
vt 0.185612 0.002664
vt 0.178854 0.954403
vt 0.182280 0.954144
vt 0.182135 0.957039
vt 0.178854 0.957430
vt 0.000000 0.994055
vt 0.002519 0.994055
vt 0.002664 0.997336
vt 0.000890 0.997336
vt 0.005945 0.994055
vt 0.005945 0.997481
vt 0.190501 -0.000000
vt 0.187313 0.000890
vt 0.187826 0.086454
vt 0.188085 0.089881
vt 0.185190 0.089736
vt 0.184799 0.086454
vt 0.005945 0.000000
vt 0.005945 0.002519
vt 0.002664 0.002664
vt 0.002664 0.000890
vt 0.005945 0.005945
vt 0.002519 0.005945
vt 0.184799 0.005702
vt 0.182280 0.006415
vt 0.182135 0.003016
vt 0.183908 0.002514
vt 0.178854 0.006674
vt 0.178854 0.003128
vt 0.178854 0.000000
vt 0.182135 0.000813
vt 0.191473 0.040255
vt 0.191214 0.043681
vt 0.187814 0.043536
vt 0.187927 0.040255
vt 0.190501 0.046200
vt 0.187313 0.045309
vt 0.086454 0.994055
vt 0.089881 0.994055
vt 0.089736 0.997336
vt 0.086454 0.997481
vt 0.092399 0.994055
vt 0.091509 0.997336
vt 0.144544 0.954403
vt 0.144544 0.957430
vt 0.141263 0.957039
vt 0.141118 0.954144
vt 0.184799 0.040255
vt 0.185612 0.043536
vt 0.187826 0.052145
vt 0.184799 0.052145
vt 0.185190 0.048863
vt 0.188085 0.048718
vt 0.144544 0.000000
vt 0.144544 0.003128
vt 0.141263 0.003016
vt 0.141263 0.000813
vt 0.144544 0.006674
vt 0.141118 0.006415
vt 0.138599 0.005702
vt 0.139490 0.002514
vt 0.086454 0.005945
vt 0.086454 0.002519
vt 0.089736 0.002664
vt 0.089881 0.005945
vt 0.086454 0.000000
vt 0.089736 0.000890
vt 0.046200 0.994055
vt 0.086454 1.000000
vt 0.052145 0.000000
vt 0.092399 0.005945
vt 0.000000 0.005945
vt 0.005945 1.000000
vt 0.040255 0.000000
s 0
usemtl Light_Stained_Pine
f 1057/1659/1079 1060/1660/1079 1062/1661/1079 1061/1662/1079
f 1060/1663/1080 1064/1664/1080 1065/1665/1080 1062/1666/1080
f 1058/1667/1081 1063/1668/1081 1065/1665/1081 1064/1664/1081
f 1063/1669/1082 1067/1670/1082 1068/1671/1082 1065/1672/1082
f 1059/1673/1083 1066/1674/1083 1068/1671/1083 1067/1670/1083
f 1066/1674/1084 1061/1675/1084 1062/1676/1084 1068/1671/1084
f 1062/1676/1085 1065/1672/1085 1068/1671/1085
f 1069/1677/1086 1072/1678/1086 1074/1679/1086 1073/1680/1086
f 1072/1681/1087 1076/1682/1087 1077/1683/1087 1074/1684/1087
f 1070/1685/1088 1075/1686/1088 1077/1683/1088 1076/1682/1088
f 1075/1686/1089 1079/1687/1089 1080/1688/1089 1077/1683/1089
f 1071/1689/1090 1078/1690/1090 1080/1691/1090 1079/1692/1090
f 1078/1693/1091 1073/1680/1091 1074/1679/1091 1080/1694/1091
f 1074/1684/1092 1077/1683/1092 1080/1688/1092
f 1081/1695/1093 1084/1696/1093 1086/1697/1093 1085/1698/1093
f 1084/1699/1094 1088/1700/1094 1089/1701/1094 1086/1702/1094
f 1082/1703/1095 1087/1704/1095 1089/1701/1095 1088/1700/1095
f 1087/1704/1096 1091/1705/1096 1092/1706/1096 1089/1701/1096
f 1083/1707/1097 1090/1708/1097 1092/1709/1097 1091/1710/1097
f 1090/1708/1098 1085/1711/1098 1086/1712/1098 1092/1709/1098
f 1086/1702/1099 1089/1701/1099 1092/1706/1099
f 1093/1713/1100 1096/1714/1100 1098/1715/1100 1097/1716/1100
f 1096/1714/1101 1100/1717/1101 1101/1718/1101 1098/1715/1101
f 1094/1719/1102 1099/1720/1102 1101/1721/1102 1100/1722/1102
f 1099/1720/1103 1103/1693/1103 1104/1723/1103 1101/1721/1103
f 1095/1724/1104 1102/1725/1104 1104/1726/1104 1103/1727/1104
f 1102/1728/1105 1097/1716/1105 1098/1715/1105 1104/1729/1105
f 1098/1715/1106 1101/1718/1106 1104/1729/1106
f 1105/1730/1107 1108/1731/1107 1110/1732/1107 1109/1733/1107
f 1108/1731/1108 1112/1734/1108 1113/1735/1108 1110/1732/1108
f 1106/1736/1109 1111/1737/1109 1113/1738/1109 1112/1739/1109
f 1111/1740/1110 1115/1741/1110 1116/1742/1110 1113/1743/1110
f 1107/1744/1111 1114/1745/1111 1116/1742/1111 1115/1741/1111
f 1114/1746/1112 1109/1733/1112 1110/1732/1112 1116/1747/1112
f 1110/1732/1113 1113/1735/1113 1116/1747/1113
f 1117/1748/1114 1120/1749/1114 1122/1750/1114 1121/1751/1114
f 1120/1752/1115 1124/1753/1115 1125/1754/1115 1122/1755/1115
f 1118/1756/1116 1123/1757/1116 1125/1754/1116 1124/1753/1116
f 1123/1758/1117 1127/1759/1117 1128/1760/1117 1125/1761/1117
f 1119/1762/1118 1126/1763/1118 1128/1760/1118 1127/1759/1118
f 1126/1763/1119 1121/1764/1119 1122/1765/1119 1128/1760/1119
f 1122/1765/1120 1125/1761/1120 1128/1760/1120
f 1129/1766/1121 1132/1767/1121 1134/1768/1121 1133/1769/1121
f 1132/1767/1122 1136/1770/1122 1137/1771/1122 1134/1768/1122
f 1130/1772/1123 1135/1773/1123 1137/1774/1123 1136/1775/1123
f 1135/1773/1124 1139/1776/1124 1140/1777/1124 1137/1774/1124
f 1131/1778/1125 1138/1779/1125 1140/1780/1125 1139/1781/1125
f 1138/1782/1126 1133/1769/1126 1134/1768/1126 1140/1783/1126
f 1134/1768/1127 1137/1771/1127 1140/1783/1127
f 1141/1784/1128 1144/1785/1128 1146/1786/1128 1145/1787/1128
f 1144/1788/1129 1148/1789/1129 1149/1790/1129 1146/1791/1129
f 1142/1792/1130 1147/1793/1130 1149/1790/1130 1148/1789/1130
f 1147/1793/1131 1151/1794/1131 1152/1795/1131 1149/1790/1131
f 1143/1796/1132 1150/1797/1132 1152/1798/1132 1151/1799/1132
f 1150/1797/1133 1145/1800/1133 1146/1801/1133 1152/1798/1133
f 1146/1791/1134 1149/1790/1134 1152/1795/1134
f 1081/1695/1135 1057/1659/1135 1061/1662/1135 1084/1696/1135
f 1084/1699/1136 1061/1675/1136 1066/1674/1136 1088/1700/1136
f 1088/1700/1137 1066/1674/1137 1059/1673/1137 1082/1703/1137
f 1058/1667/1138 1069/1677/1138 1073/1680/1138 1063/1668/1138
f 1063/1668/1139 1073/1680/1139 1078/1693/1139 1067/1802/1139
f 1067/1670/1140 1078/1690/1140 1071/1689/1140 1059/1673/1140
f 1070/1685/1141 1093/1713/1141 1097/1716/1141 1075/1686/1141
f 1075/1686/1142 1097/1716/1142 1102/1728/1142 1079/1687/1142
f 1079/1692/1143 1102/1725/1143 1095/1724/1143 1071/1689/1143
f 1094/1719/1144 1083/1707/1144 1091/1710/1144 1099/1720/1144
f 1099/1720/1145 1091/1710/1145 1087/1802/1145 1103/1693/1145
f 1103/1727/1146 1087/1704/1146 1082/1703/1146 1095/1724/1146
f 1129/1766/1147 1081/1695/1147 1085/1698/1147 1132/1767/1147
f 1132/1803/1148 1085/1711/1148 1090/1708/1148 1136/1775/1148
f 1136/1775/1149 1090/1708/1149 1083/1707/1149 1130/1772/1149
f 1093/1713/1150 1141/1784/1150 1145/1787/1150 1096/1714/1150
f 1096/1804/1151 1145/1800/1151 1150/1797/1151 1100/1722/1151
f 1100/1722/1152 1150/1797/1152 1143/1796/1152 1094/1719/1152
f 1142/1792/1153 1131/1778/1153 1139/1781/1153 1147/1793/1153
f 1147/1805/1154 1139/1776/1154 1135/1773/1154 1151/1799/1154
f 1151/1799/1155 1135/1773/1155 1130/1772/1155 1143/1796/1155
f 1105/1730/1156 1129/1766/1156 1133/1769/1156 1108/1731/1156
f 1108/1731/1157 1133/1769/1157 1138/1782/1157 1112/1734/1157
f 1112/1739/1158 1138/1779/1158 1131/1778/1158 1106/1736/1158
f 1141/1784/1159 1117/1748/1159 1121/1751/1159 1144/1785/1159
f 1144/1788/1160 1121/1764/1160 1126/1763/1160 1148/1789/1160
f 1148/1789/1161 1126/1763/1161 1119/1762/1161 1142/1792/1161
f 1118/1756/1162 1107/1744/1162 1115/1741/1162 1123/1757/1162
f 1123/1757/1163 1115/1741/1163 1111/1740/1163 1127/1806/1163
f 1127/1759/1164 1111/1737/1164 1106/1736/1164 1119/1762/1164
f 1057/1659/1165 1105/1730/1165 1109/1733/1165 1060/1660/1165
f 1060/1663/1166 1109/1807/1166 1114/1745/1166 1064/1664/1166
f 1064/1664/1167 1114/1745/1167 1107/1744/1167 1058/1667/1167
f 1117/1748/1168 1070/1685/1168 1076/1682/1168 1120/1749/1168
f 1120/1752/1169 1076/1808/1169 1072/1678/1169 1124/1753/1169
f 1124/1753/1170 1072/1678/1170 1069/1677/1170 1118/1756/1170
f 1081/1695/1171 1129/1766/1171 1105/1730/1171 1057/1659/1171
f 1059/1673/1172 1071/1689/1172 1095/1724/1172 1082/1703/1172
f 1107/1744/1173 1118/1756/1173 1069/1677/1173 1058/1667/1173
f 1141/1784/1174 1093/1713/1174 1070/1685/1174 1117/1748/1174
f 1083/1707/1175 1094/1719/1175 1143/1796/1175 1130/1772/1175
f 1131/1778/1176 1142/1792/1176 1119/1762/1176 1106/1736/1176
o Back_Lower_Rail
v -0.845000 2.400000 -0.775000
v -0.845000 2.435000 -0.740000
v -0.880000 2.435000 -0.775000
v -0.845000 2.404676 -0.757523
v -0.862477 2.404676 -0.775000
v -0.861737 2.409218 -0.758263
v -0.862477 2.435000 -0.744676
v -0.845000 2.417523 -0.744676
v -0.861737 2.418262 -0.749218
v -0.875324 2.417523 -0.775000
v -0.875324 2.435000 -0.757523
v -0.870782 2.418262 -0.758263
v -0.845000 2.565000 -0.740000
v -0.845000 2.600000 -0.775000
v -0.880000 2.565000 -0.775000
v -0.845000 2.582477 -0.744676
v -0.862477 2.565000 -0.744676
v -0.861737 2.581738 -0.749218
v -0.862477 2.595324 -0.775000
v -0.845000 2.595324 -0.757523
v -0.861737 2.590782 -0.758263
v -0.875324 2.565000 -0.757523
v -0.875324 2.582477 -0.775000
v -0.870782 2.581738 -0.758263
v -0.845000 2.400000 -0.865000
v -0.880000 2.435000 -0.865000
v -0.845000 2.435000 -0.900000
v -0.862477 2.404676 -0.865000
v -0.845000 2.404676 -0.882477
v -0.861737 2.409218 -0.881737
v -0.875324 2.435000 -0.882477
v -0.875324 2.417523 -0.865000
v -0.870782 2.418262 -0.881737
v -0.845000 2.417523 -0.895324
v -0.862477 2.435000 -0.895324
v -0.861737 2.418262 -0.890782
v -0.845000 2.600000 -0.865000
v -0.845000 2.565000 -0.900000
v -0.880000 2.565000 -0.865000
v -0.845000 2.595324 -0.882477
v -0.862477 2.595324 -0.865000
v -0.861737 2.590782 -0.881737
v -0.862477 2.565000 -0.895324
v -0.845000 2.582477 -0.895324
v -0.861737 2.581738 -0.890782
v -0.875324 2.582477 -0.865000
v -0.875324 2.565000 -0.882477
v -0.870782 2.581738 -0.881737
v 0.845000 2.400000 -0.775000
v 0.880000 2.435000 -0.775000
v 0.845000 2.435000 -0.740000
v 0.862477 2.404676 -0.775000
v 0.845000 2.404676 -0.757523
v 0.861737 2.409218 -0.758263
v 0.875324 2.435000 -0.757523
v 0.875324 2.417523 -0.775000
v 0.870782 2.418262 -0.758263
v 0.845000 2.417523 -0.744676
v 0.862477 2.435000 -0.744676
v 0.861737 2.418262 -0.749218
v 0.845000 2.600000 -0.775000
v 0.845000 2.565000 -0.740000
v 0.880000 2.565000 -0.775000
v 0.845000 2.595324 -0.757523
v 0.862477 2.595324 -0.775000
v 0.861737 2.590782 -0.758263
v 0.862477 2.565000 -0.744676
v 0.845000 2.582477 -0.744676
v 0.861737 2.581738 -0.749218
v 0.875324 2.582477 -0.775000
v 0.875324 2.565000 -0.757523
v 0.870782 2.581738 -0.758263
v 0.845000 2.400000 -0.865000
v 0.845000 2.435000 -0.900000
v 0.880000 2.435000 -0.865000
v 0.845000 2.404676 -0.882477
v 0.862477 2.404676 -0.865000
v 0.861737 2.409218 -0.881737
v 0.862477 2.435000 -0.895324
v 0.845000 2.417523 -0.895324
v 0.861737 2.418262 -0.890782
v 0.875324 2.417523 -0.865000
v 0.875324 2.435000 -0.882477
v 0.870782 2.418262 -0.881737
v 0.845000 2.600000 -0.865000
v 0.880000 2.565000 -0.865000
v 0.845000 2.565000 -0.900000
v 0.862477 2.595324 -0.865000
v 0.845000 2.595324 -0.882477
v 0.861737 2.590782 -0.881737
v 0.875324 2.565000 -0.882477
v 0.875324 2.582477 -0.865000
v 0.870782 2.581738 -0.881737
v 0.845000 2.582477 -0.895324
v 0.862477 2.565000 -0.895324
v 0.861737 2.581738 -0.890782
vn -0.2566 -0.9318 0.2566
vn -0.2178 -0.6901 0.6901
vn -0.2566 -0.2566 0.9318
vn -0.6901 -0.2178 0.6901
vn -0.9318 -0.2566 0.2566
vn -0.6901 -0.6901 0.2178
vn -0.5774 -0.5774 0.5773
vn -0.2566 0.2566 0.9318
vn -0.2178 0.6901 0.6901
vn -0.2566 0.9318 0.2566
vn -0.6901 0.6901 0.2178
vn -0.9318 0.2566 0.2566
vn -0.6901 0.2178 0.6901
vn -0.5774 0.5774 0.5773
vn -0.2566 -0.9318 -0.2566
vn -0.6901 -0.6901 -0.2178
vn -0.9318 -0.2566 -0.2566
vn -0.6901 -0.2178 -0.6901
vn -0.2566 -0.2566 -0.9318
vn -0.2178 -0.6901 -0.6901
vn -0.5774 -0.5774 -0.5773
vn -0.2566 0.9318 -0.2566
vn -0.2178 0.6901 -0.6901
vn -0.2566 0.2566 -0.9318
vn -0.6901 0.2178 -0.6901
vn -0.9318 0.2566 -0.2566
vn -0.6901 0.6901 -0.2178
vn -0.5774 0.5774 -0.5773
vn 0.2566 -0.9318 0.2566
vn 0.6901 -0.6901 0.2178
vn 0.9318 -0.2566 0.2566
vn 0.6901 -0.2178 0.6901
vn 0.2566 -0.2566 0.9318
vn 0.2178 -0.6901 0.6901
vn 0.5774 -0.5774 0.5773
vn 0.2566 0.9318 0.2566
vn 0.2178 0.6901 0.6901
vn 0.2566 0.2566 0.9318
vn 0.6901 0.2178 0.6901
vn 0.9318 0.2566 0.2566
vn 0.6901 0.6901 0.2178
vn 0.5774 0.5774 0.5773
vn 0.2566 -0.9318 -0.2566
vn 0.2178 -0.6901 -0.6901
vn 0.2566 -0.2566 -0.9318
vn 0.6901 -0.2178 -0.6901
vn 0.9318 -0.2566 -0.2566
vn 0.6901 -0.6901 -0.2178
vn 0.5774 -0.5774 -0.5773
vn 0.2566 0.9318 -0.2566
vn 0.6901 0.6901 -0.2178
vn 0.9318 0.2566 -0.2566
vn 0.6901 0.2178 -0.6901
vn 0.2566 0.2566 -0.9318
vn 0.2178 0.6901 -0.6901
vn 0.5774 0.5774 -0.5773
vn -0.2585 -0.9660 -0.0000
vn -0.7071 -0.7071 -0.0000
vn -0.9660 -0.2585 -0.0000
vn -0.2585 -0.0000 0.9660
vn -0.7071 -0.0000 0.7071
vn -0.9660 -0.0000 0.2585
vn -0.2585 0.9660 -0.0000
vn -0.7071 0.7071 -0.0000
vn -0.9660 0.2585 -0.0000
vn -0.2585 -0.0000 -0.9660
vn -0.7071 -0.0000 -0.7071
vn -0.9660 -0.0000 -0.2585
vn -0.0000 -0.9660 -0.2585
vn -0.0000 -0.7071 -0.7071
vn -0.0000 -0.2585 -0.9660
vn -0.0000 0.9660 -0.2585
vn -0.0000 0.7071 -0.7071
vn -0.0000 0.2585 -0.9660
vn 0.9660 -0.0000 -0.2585
vn 0.7071 -0.0000 -0.7071
vn 0.2585 -0.0000 -0.9660
vn 0.2585 -0.9660 -0.0000
vn 0.7071 -0.7071 -0.0000
vn 0.9660 -0.2585 -0.0000
vn 0.2585 0.9660 -0.0000
vn 0.7071 0.7071 -0.0000
vn 0.9660 0.2585 -0.0000
vn 0.2585 -0.0000 0.9660
vn 0.7071 -0.0000 0.7071
vn 0.9660 -0.0000 0.2585
vn -0.0000 -0.9660 0.2585
vn -0.0000 -0.7071 0.7071
vn -0.0000 -0.2585 0.9660
vn -0.0000 0.9660 0.2585
vn -0.0000 0.7071 0.7071
vn -0.0000 0.2585 0.9660
vn -0.0000 -1.0000 -0.0000
vn -1.0000 -0.0000 -0.0000
vn -0.0000 -0.0000 1.0000
vn -0.0000 1.0000 -0.0000
vn -0.0000 -0.0000 -1.0000
vn 1.0000 -0.0000 -0.0000
vt 0.235125 0.019446
vt 0.225142 0.018690
vt 0.225564 0.008786
vt 0.235125 0.009115
vt 0.217803 0.016614
vt 0.220398 0.007324
vt 0.091580 0.017322
vt 0.091580 0.007339
vt 0.101141 0.007761
vt 0.101563 0.017322
vt 0.091580 0.000000
vt 0.101141 0.002594
vt 0.407231 0.090670
vt 0.407231 0.099489
vt 0.397670 0.098350
vt 0.397247 0.089914
vt 0.235125 -0.000000
vt 0.225564 0.002369
vt 0.017322 0.017322
vt 0.007339 0.017322
vt 0.007761 0.007761
vt 0.017322 0.007338
vt 0.000000 0.017322
vt 0.002595 0.007761
vt 0.372587 0.008819
vt 0.372587 0.000000
vt 0.382148 0.001139
vt 0.382570 0.009575
vt 0.407231 0.000000
vt 0.407231 0.009115
vt 0.397670 0.008786
vt 0.397670 0.002369
vt 0.407231 0.019446
vt 0.397247 0.018690
vt 0.389909 0.016614
vt 0.392503 0.007324
vt 0.286534 0.019446
vt 0.286534 0.009115
vt 0.296095 0.008786
vt 0.296518 0.018690
vt 0.286534 -0.000000
vt 0.296095 0.002369
vt 0.458640 0.090670
vt 0.468623 0.089914
vt 0.468201 0.098350
vt 0.458640 0.099489
vt 0.200481 1.000000
vt 0.200481 0.992662
vt 0.210042 0.992239
vt 0.210042 0.997406
vt 0.200481 0.982678
vt 0.210465 0.982678
vt 0.303856 0.016614
vt 0.301262 0.007324
vt 0.321178 0.008819
vt 0.311194 0.009575
vt 0.311617 0.001139
vt 0.321178 0.000000
vt 0.108902 0.982678
vt 0.116240 0.982678
vt 0.116663 0.992239
vt 0.111496 0.992239
vt 0.126223 0.982678
vt 0.126223 0.992662
vt 0.475962 0.016614
vt 0.468623 0.018690
vt 0.468201 0.008786
vt 0.473367 0.007324
vt 0.458640 0.019446
vt 0.458640 0.009115
vt 0.458640 0.000000
vt 0.468201 0.002369
vt 0.235125 0.945351
vt 0.235125 0.954171
vt 0.225564 0.953032
vt 0.225142 0.944596
vt 0.458640 0.198978
vt 0.458640 0.189863
vt 0.468201 0.190192
vt 0.468201 0.196609
vt 0.458640 0.179532
vt 0.468623 0.180288
vt 0.475962 0.182364
vt 0.473367 0.191654
vt 0.091580 0.982678
vt 0.101563 0.982678
vt 0.101141 0.992239
vt 0.091580 0.992662
vt 0.108902 0.982678
vt 0.106307 0.992239
vt 0.372587 0.934725
vt 0.382570 0.935481
vt 0.382148 0.945385
vt 0.372587 0.945056
vt 0.389909 0.937557
vt 0.387314 0.946847
vt 0.017322 0.982678
vt 0.017322 0.992662
vt 0.007761 0.992239
vt 0.007338 0.982678
vt 0.017322 1.000000
vt 0.007761 0.997406
vt 0.458640 0.108308
vt 0.468201 0.100628
vt 0.468623 0.109064
vt 0.372587 0.954171
vt 0.382148 0.951802
vt 0.286534 0.945351
vt 0.296518 0.944596
vt 0.296095 0.953032
vt 0.286534 0.954171
vt 0.217803 0.017322
vt 0.210465 0.017322
vt 0.210042 0.007761
vt 0.215209 0.007761
vt 0.200482 0.017322
vt 0.200482 0.007339
vt 0.389909 0.182364
vt 0.397247 0.180288
vt 0.397670 0.190192
vt 0.392503 0.191654
vt 0.407231 0.179532
vt 0.407231 0.189863
vt 0.407231 0.198978
vt 0.397670 0.196609
vt 0.321178 0.934725
vt 0.321178 0.945056
vt 0.311617 0.945385
vt 0.311195 0.935481
vt 0.321178 0.954171
vt 0.311617 0.951802
vt 0.407231 0.108308
vt 0.397247 0.109064
vt 0.397670 0.100628
vt 0.407231 0.099489
vt 0.126223 0.000000
vt 0.126223 0.007339
vt 0.116663 0.007761
vt 0.116663 0.002594
vt 0.126223 0.017322
vt 0.116240 0.017322
vt 0.303856 0.937557
vt 0.306451 0.946847
vt 0.017322 0.000000
vt 0.126223 1.000000
vt 0.217803 0.982678
vt 0.108902 0.017322
vt 0.200482 0.000000
vt 0.091580 1.000000
vt 0.108902 0.017322
vt 0.000000 0.982678
s 0
usemtl Light_Stained_Pine
f 1153/1809/1177 1156/1810/1177 1158/1811/1177 1157/1812/1177
f 1156/1810/1178 1160/1813/1178 1161/1814/1178 1158/1811/1178
f 1154/1815/1179 1159/1816/1179 1161/1817/1179 1160/1818/1179
f 1159/1816/1180 1163/1819/1180 1164/1820/1180 1161/1817/1180
f 1155/1821/1181 1162/1822/1181 1164/1823/1181 1163/1824/1181
f 1162/1825/1182 1157/1812/1182 1158/1811/1182 1164/1826/1182
f 1158/1811/1183 1161/1814/1183 1164/1826/1183
f 1165/1827/1184 1168/1828/1184 1170/1829/1184 1169/1830/1184
f 1168/1828/1185 1172/1831/1185 1173/1832/1185 1170/1829/1185
f 1166/1833/1186 1171/1834/1186 1173/1835/1186 1172/1836/1186
f 1171/1837/1187 1175/1838/1187 1176/1839/1187 1173/1840/1187
f 1167/1841/1188 1174/1842/1188 1176/1839/1188 1175/1838/1188
f 1174/1842/1189 1169/1843/1189 1170/1844/1189 1176/1839/1189
f 1170/1844/1190 1173/1840/1190 1176/1839/1190
f 1177/1845/1191 1180/1846/1191 1182/1847/1191 1181/1848/1191
f 1180/1846/1192 1184/1849/1192 1185/1850/1192 1182/1847/1192
f 1178/1851/1193 1183/1852/1193 1185/1853/1193 1184/1854/1193
f 1183/1855/1194 1187/1856/1194 1188/1857/1194 1185/1858/1194
f 1179/1859/1195 1186/1860/1195 1188/1857/1195 1187/1856/1195
f 1186/1861/1196 1181/1848/1196 1182/1847/1196 1188/1862/1196
f 1182/1847/1197 1185/1850/1197 1188/1862/1197
f 1189/1863/1198 1192/1864/1198 1194/1865/1198 1193/1866/1198
f 1192/1867/1199 1196/1868/1199 1197/1869/1199 1194/1870/1199
f 1190/1871/1200 1195/1872/1200 1197/1869/1200 1196/1868/1200
f 1195/1873/1201 1199/1874/1201 1200/1875/1201 1197/1876/1201
f 1191/1877/1202 1198/1878/1202 1200/1875/1202 1199/1874/1202
f 1198/1878/1203 1193/1879/1203 1194/1880/1203 1200/1875/1203
f 1194/1880/1204 1197/1876/1204 1200/1875/1204
f 1201/1881/1205 1204/1882/1205 1206/1883/1205 1205/1884/1205
f 1204/1885/1206 1208/1886/1206 1209/1887/1206 1206/1888/1206
f 1202/1889/1207 1207/1890/1207 1209/1887/1207 1208/1886/1207
f 1207/1890/1208 1211/1891/1208 1212/1892/1208 1209/1887/1208
f 1203/1893/1209 1210/1894/1209 1212/1895/1209 1211/1896/1209
f 1210/1894/1210 1205/1897/1210 1206/1898/1210 1212/1895/1210
f 1206/1888/1211 1209/1887/1211 1212/1892/1211
f 1213/1899/1212 1216/1900/1212 1218/1901/1212 1217/1902/1212
f 1216/1900/1213 1220/1903/1213 1221/1904/1213 1218/1901/1213
f 1214/1905/1214 1219/1906/1214 1221/1907/1214 1220/1908/1214
f 1219/1906/1215 1223/1909/1215 1224/1910/1215 1221/1907/1215
f 1215/1911/1216 1222/1854/1216 1224/1912/1216 1223/1913/1216
f 1222/1914/1217 1217/1902/1217 1218/1901/1217 1224/1915/1217
f 1218/1901/1218 1221/1904/1218 1224/1915/1218
f 1225/1916/1219 1228/1917/1219 1230/1918/1219 1229/1919/1219
f 1228/1920/1220 1232/1921/1220 1233/1922/1220 1230/1923/1220
f 1226/1924/1221 1231/1925/1221 1233/1922/1221 1232/1921/1221
f 1231/1926/1222 1235/1927/1222 1236/1928/1222 1233/1929/1222
f 1227/1930/1223 1234/1931/1223 1236/1928/1223 1235/1927/1223
f 1234/1931/1224 1229/1932/1224 1230/1933/1224 1236/1928/1224
f 1230/1933/1225 1233/1929/1225 1236/1928/1225
f 1237/1934/1226 1240/1935/1226 1242/1936/1226 1241/1937/1226
f 1240/1935/1227 1244/1938/1227 1245/1939/1227 1242/1936/1227
f 1238/1940/1228 1243/1941/1228 1245/1942/1228 1244/1943/1228
f 1243/1944/1229 1247/1945/1229 1248/1946/1229 1245/1947/1229
f 1239/1948/1230 1246/1949/1230 1248/1946/1230 1247/1945/1230
f 1246/1950/1231 1241/1937/1231 1242/1936/1231 1248/1951/1231
f 1242/1936/1232 1245/1939/1232 1248/1951/1232
f 1177/1845/1233 1153/1809/1233 1157/1812/1233 1180/1846/1233
f 1180/1846/1234 1157/1812/1234 1162/1825/1234 1184/1849/1234
f 1184/1854/1235 1162/1822/1235 1155/1821/1235 1178/1851/1235
f 1154/1815/1236 1165/1827/1236 1169/1830/1236 1159/1816/1236
f 1159/1816/1237 1169/1830/1237 1174/1952/1237 1163/1819/1237
f 1163/1824/1238 1174/1842/1238 1167/1841/1238 1155/1821/1238
f 1166/1833/1239 1189/1863/1239 1193/1866/1239 1171/1834/1239
f 1171/1837/1240 1193/1879/1240 1198/1878/1240 1175/1838/1240
f 1175/1838/1241 1198/1878/1241 1191/1877/1241 1167/1841/1241
f 1190/1871/1242 1179/1859/1242 1187/1856/1242 1195/1872/1242
f 1195/1872/1243 1187/1856/1243 1183/1855/1243 1199/1953/1243
f 1199/1874/1244 1183/1852/1244 1178/1851/1244 1191/1877/1244
f 1225/1916/1245 1177/1845/1245 1181/1848/1245 1228/1917/1245
f 1228/1920/1246 1181/1954/1246 1186/1860/1246 1232/1921/1246
f 1232/1921/1247 1186/1860/1247 1179/1859/1247 1226/1924/1247
f 1189/1863/1248 1237/1934/1248 1241/1937/1248 1192/1864/1248
f 1192/1867/1249 1241/1955/1249 1246/1949/1249 1196/1868/1249
f 1196/1868/1250 1246/1949/1250 1239/1948/1250 1190/1871/1250
f 1238/1940/1251 1227/1930/1251 1235/1927/1251 1243/1941/1251
f 1243/1944/1252 1235/1956/1252 1231/1925/1252 1247/1945/1252
f 1247/1945/1253 1231/1925/1253 1226/1924/1253 1239/1948/1253
f 1201/1881/1254 1225/1916/1254 1229/1919/1254 1204/1882/1254
f 1204/1885/1255 1229/1932/1255 1234/1931/1255 1208/1886/1255
f 1208/1886/1256 1234/1931/1256 1227/1930/1256 1202/1889/1256
f 1237/1934/1257 1213/1899/1257 1217/1902/1257 1240/1935/1257
f 1240/1935/1258 1217/1902/1258 1222/1914/1258 1244/1938/1258
f 1244/1943/1259 1222/1854/1259 1215/1911/1259 1238/1940/1259
f 1214/1905/1260 1203/1893/1260 1211/1896/1260 1219/1906/1260
f 1219/1906/1261 1211/1896/1261 1207/1957/1261 1223/1909/1261
f 1223/1913/1262 1207/1890/1262 1202/1889/1262 1215/1911/1262
f 1153/1809/1263 1201/1881/1263 1205/1884/1263 1156/1810/1263
f 1156/1958/1264 1205/1897/1264 1210/1894/1264 1160/1818/1264
f 1160/1818/1265 1210/1894/1265 1203/1893/1265 1154/1815/1265
f 1213/1899/1266 1166/1833/1266 1172/1836/1266 1216/1900/1266
f 1216/1959/1267 1172/1831/1267 1168/1828/1267 1220/1908/1267
f 1220/1908/1268 1168/1828/1268 1165/1827/1268 1214/1905/1268
f 1177/1845/1269 1225/1916/1269 1201/1881/1269 1153/1809/1269
f 1155/1821/1270 1167/1841/1270 1191/1877/1270 1178/1851/1270
f 1203/1893/1271 1214/1905/1271 1165/1827/1271 1154/1815/1271
f 1237/1934/1272 1189/1863/1272 1166/1833/1272 1213/1899/1272
f 1179/1859/1273 1190/1871/1273 1239/1948/1273 1226/1924/1273
f 1227/1930/1274 1238/1940/1274 1215/1911/1274 1202/1889/1274
o Back_Top_Rail
v -0.895000 4.070000 -0.765000
v -0.895000 4.115000 -0.720000
v -0.940000 4.115000 -0.765000
v -0.895000 4.076012 -0.742530
v -0.917470 4.076012 -0.765000
v -0.916520 4.081851 -0.743480
v -0.917470 4.115000 -0.726012
v -0.895000 4.092529 -0.726012
v -0.916520 4.093480 -0.731852
v -0.933988 4.092529 -0.765000
v -0.933988 4.115000 -0.742530
v -0.928148 4.093480 -0.743480
v -0.895000 4.285000 -0.720000
v -0.895000 4.330000 -0.765000
v -0.940000 4.285000 -0.765000
v -0.895000 4.307470 -0.726012
v -0.917470 4.285000 -0.726012
v -0.916520 4.306520 -0.731852
v -0.917470 4.323988 -0.765000
v -0.895000 4.323988 -0.742530
v -0.916520 4.318148 -0.743480
v -0.933988 4.285000 -0.742530
v -0.933988 4.307470 -0.765000
v -0.928148 4.306520 -0.743480
v -0.895000 4.070000 -0.875000
v -0.940000 4.115000 -0.875000
v -0.895000 4.115000 -0.920000
v -0.917470 4.076012 -0.875000
v -0.895000 4.076012 -0.897470
v -0.916520 4.081851 -0.896520
v -0.933988 4.115000 -0.897470
v -0.933988 4.092529 -0.875000
v -0.928148 4.093480 -0.896520
v -0.895000 4.092529 -0.913988
v -0.917470 4.115000 -0.913988
v -0.916520 4.093480 -0.908148
v -0.895000 4.330000 -0.875000
v -0.895000 4.285000 -0.920000
v -0.940000 4.285000 -0.875000
v -0.895000 4.323988 -0.897470
v -0.917470 4.323988 -0.875000
v -0.916520 4.318148 -0.896520
v -0.917470 4.285000 -0.913988
v -0.895000 4.307470 -0.913988
v -0.916520 4.306520 -0.908148
v -0.933988 4.307470 -0.875000
v -0.933988 4.285000 -0.897470
v -0.928148 4.306520 -0.896520
v 0.895000 4.070000 -0.765000
v 0.940000 4.115000 -0.765000
v 0.895000 4.115000 -0.720000
v 0.917470 4.076012 -0.765000
v 0.895000 4.076012 -0.742530
v 0.916520 4.081851 -0.743480
v 0.933988 4.115000 -0.742530
v 0.933988 4.092529 -0.765000
v 0.928148 4.093480 -0.743480
v 0.895000 4.092529 -0.726012
v 0.917470 4.115000 -0.726012
v 0.916520 4.093480 -0.731852
v 0.895000 4.330000 -0.765000
v 0.895000 4.285000 -0.720000
v 0.940000 4.285000 -0.765000
v 0.895000 4.323988 -0.742530
v 0.917470 4.323988 -0.765000
v 0.916520 4.318148 -0.743480
v 0.917470 4.285000 -0.726012
v 0.895000 4.307470 -0.726012
v 0.916520 4.306520 -0.731852
v 0.933988 4.307470 -0.765000
v 0.933988 4.285000 -0.742530
v 0.928148 4.306520 -0.743480
v 0.895000 4.070000 -0.875000
v 0.895000 4.115000 -0.920000
v 0.940000 4.115000 -0.875000
v 0.895000 4.076012 -0.897470
v 0.917470 4.076012 -0.875000
v 0.916520 4.081851 -0.896520
v 0.917470 4.115000 -0.913988
v 0.895000 4.092529 -0.913988
v 0.916520 4.093480 -0.908148
v 0.933988 4.092529 -0.875000
v 0.933988 4.115000 -0.897470
v 0.928148 4.093480 -0.896520
v 0.895000 4.330000 -0.875000
v 0.940000 4.285000 -0.875000
v 0.895000 4.285000 -0.920000
v 0.917470 4.323988 -0.875000
v 0.895000 4.323988 -0.897470
v 0.916520 4.318148 -0.896520
v 0.933988 4.285000 -0.897470
v 0.933988 4.307470 -0.875000
v 0.928148 4.306520 -0.896520
v 0.895000 4.307470 -0.913988
v 0.917470 4.285000 -0.913988
v 0.916520 4.306520 -0.908148
vn -0.2566 -0.9318 0.2566
vn -0.2178 -0.6901 0.6901
vn -0.2566 -0.2566 0.9318
vn -0.6901 -0.2178 0.6901
vn -0.9318 -0.2566 0.2566
vn -0.6901 -0.6901 0.2178
vn -0.5774 -0.5774 0.5773
vn -0.2566 0.2566 0.9318
vn -0.2178 0.6901 0.6901
vn -0.2566 0.9318 0.2566
vn -0.6901 0.6901 0.2178
vn -0.9318 0.2566 0.2566
vn -0.6901 0.2178 0.6901
vn -0.5774 0.5774 0.5773
vn -0.2566 -0.9318 -0.2566
vn -0.6901 -0.6901 -0.2178
vn -0.9318 -0.2566 -0.2566
vn -0.6901 -0.2178 -0.6901
vn -0.2566 -0.2566 -0.9318
vn -0.2178 -0.6901 -0.6901
vn -0.5774 -0.5774 -0.5773
vn -0.2566 0.9318 -0.2566
vn -0.2178 0.6901 -0.6901
vn -0.2566 0.2566 -0.9318
vn -0.6901 0.2178 -0.6901
vn -0.9318 0.2566 -0.2566
vn -0.6901 0.6901 -0.2178
vn -0.5774 0.5774 -0.5773
vn 0.2566 -0.9318 0.2566
vn 0.6901 -0.6901 0.2178
vn 0.9318 -0.2566 0.2566
vn 0.6901 -0.2178 0.6901
vn 0.2566 -0.2566 0.9318
vn 0.2178 -0.6901 0.6901
vn 0.5774 -0.5774 0.5773
vn 0.2566 0.9318 0.2566
vn 0.2178 0.6901 0.6901
vn 0.2566 0.2566 0.9318
vn 0.6901 0.2178 0.6901
vn 0.9318 0.2566 0.2566
vn 0.6901 0.6901 0.2178
vn 0.5774 0.5774 0.5773
vn 0.2566 -0.9318 -0.2566
vn 0.2178 -0.6901 -0.6901
vn 0.2566 -0.2566 -0.9318
vn 0.6901 -0.2178 -0.6901
vn 0.9318 -0.2566 -0.2566
vn 0.6901 -0.6901 -0.2178
vn 0.5774 -0.5774 -0.5773
vn 0.2566 0.9318 -0.2566
vn 0.6901 0.6901 -0.2178
vn 0.9318 0.2566 -0.2566
vn 0.6901 0.2178 -0.6901
vn 0.2566 0.2566 -0.9318
vn 0.2178 0.6901 -0.6901
vn 0.5774 0.5774 -0.5773
vn -0.2585 -0.9660 -0.0000
vn -0.7071 -0.7071 -0.0000
vn -0.9660 -0.2585 -0.0000
vn -0.2585 -0.0000 0.9660
vn -0.7071 -0.0000 0.7071
vn -0.9660 -0.0000 0.2585
vn -0.2585 0.9660 -0.0000
vn -0.7071 0.7071 -0.0000
vn -0.9660 0.2585 -0.0000
vn -0.2585 -0.0000 -0.9660
vn -0.7071 -0.0000 -0.7071
vn -0.9660 -0.0000 -0.2585
vn -0.0000 -0.9660 -0.2585
vn -0.0000 -0.7071 -0.7071
vn -0.0000 -0.2585 -0.9660
vn -0.0000 0.9660 -0.2585
vn -0.0000 0.7071 -0.7071
vn -0.0000 0.2585 -0.9660
vn 0.9660 -0.0000 -0.2585
vn 0.7071 -0.0000 -0.7071
vn 0.2585 -0.0000 -0.9660
vn 0.2585 -0.9660 -0.0000
vn 0.7071 -0.7071 -0.0000
vn 0.9660 -0.2585 -0.0000
vn 0.2585 0.9660 -0.0000
vn 0.7071 0.7071 -0.0000
vn 0.9660 0.2585 -0.0000
vn 0.2585 -0.0000 0.9660
vn 0.7071 -0.0000 0.7071
vn 0.9660 -0.0000 0.2585
vn -0.0000 -0.9660 0.2585
vn -0.0000 -0.7071 0.7071
vn -0.0000 -0.2585 0.9660
vn -0.0000 0.9660 0.2585
vn -0.0000 0.7071 0.7071
vn -0.0000 0.2585 0.9660
vn -0.0000 -1.0000 -0.0000
vn -1.0000 -0.0000 -0.0000
vn -0.0000 -0.0000 1.0000
vn -0.0000 1.0000 -0.0000
vn -0.0000 -0.0000 -1.0000
vn 1.0000 -0.0000 -0.0000
vt 0.445893 0.942527
vt 0.457922 0.941616
vt 0.457413 0.951781
vt 0.445893 0.953154
vt 0.265503 0.020872
vt 0.256660 0.020872
vt 0.256151 0.009352
vt 0.262377 0.009352
vt 0.244631 0.020872
vt 0.244631 0.008843
vt 0.466765 0.107307
vt 0.475607 0.104805
vt 0.476117 0.116739
vt 0.469891 0.118501
vt 0.487637 0.103895
vt 0.487637 0.116343
vt 0.487637 0.127326
vt 0.476117 0.124472
vt 0.153623 0.020872
vt 0.141594 0.020872
vt 0.142103 0.009352
vt 0.153623 0.008843
vt 0.132751 0.020872
vt 0.135878 0.009352
vt 0.345262 0.016606
vt 0.345262 0.005979
vt 0.356782 0.007352
vt 0.357291 0.017517
vt 0.487637 0.000000
vt 0.487637 0.005979
vt 0.476117 0.007352
vt 0.476117 0.003142
vt 0.487637 0.016606
vt 0.475607 0.017517
vt 0.153623 -0.000000
vt 0.142103 0.003126
vt 0.387006 0.942527
vt 0.387006 0.953154
vt 0.375486 0.951781
vt 0.374976 0.941616
vt 0.546524 0.127326
vt 0.546524 0.116343
vt 0.558044 0.116739
vt 0.558044 0.124472
vt 0.546524 0.103895
vt 0.558553 0.104805
vt 0.567396 0.107307
vt 0.564270 0.118501
vt 0.111879 0.979128
vt 0.123909 0.979128
vt 0.123400 0.990648
vt 0.111879 0.991157
vt 0.132751 0.979128
vt 0.129625 0.990648
vt 0.286375 0.016606
vt 0.274345 0.017517
vt 0.274854 0.007352
vt 0.286375 0.005979
vt -0.000000 0.979128
vt 0.008843 0.979128
vt 0.009352 0.990648
vt 0.003126 0.990648
vt 0.020872 0.979128
vt 0.020872 0.991157
vt 0.020872 1.000000
vt 0.009352 0.996874
vt 0.546524 0.016606
vt 0.546524 0.005979
vt 0.558044 0.007352
vt 0.558553 0.017517
vt 0.546524 0.000000
vt 0.558044 0.003142
vt 0.445893 0.023432
vt 0.445893 0.010983
vt 0.457413 0.010587
vt 0.457922 0.022521
vt 0.445893 0.000000
vt 0.457413 0.002854
vt 0.533873 0.236079
vt 0.546321 0.236079
vt 0.546717 0.247600
vt 0.534783 0.248109
vt 0.557304 0.236079
vt 0.554450 0.247600
vt 0.244631 0.979128
vt 0.256660 0.979128
vt 0.256151 0.990648
vt 0.244631 0.991157
vt 0.466765 0.020019
vt 0.463639 0.008825
vt 0.548479 0.253825
vt 0.345262 0.935701
vt 0.357291 0.936612
vt 0.356782 0.948546
vt 0.345262 0.948150
vt 0.366134 0.939114
vt 0.363008 0.950308
vt 0.153623 0.979128
vt 0.153623 0.991157
vt 0.142103 0.990648
vt 0.141594 0.979128
vt 0.557304 0.145072
vt 0.546321 0.145072
vt 0.546717 0.133552
vt 0.554450 0.133552
vt 0.533873 0.145072
vt 0.534783 0.133042
vt 0.345262 0.959133
vt 0.356782 0.956279
vt 0.548479 0.127326
vt 0.387006 0.023432
vt 0.374976 0.022521
vt 0.375485 0.010587
vt 0.387006 0.010983
vt 0.366134 0.020019
vt 0.369260 0.008825
vt 0.111880 0.020872
vt 0.111880 0.008843
vt 0.123400 0.009352
vt 0.123909 0.020872
vt 0.111880 0.000000
vt 0.123400 0.003126
vt 0.477392 0.236079
vt 0.478303 0.248109
vt 0.468138 0.247600
vt 0.466765 0.236079
vt 0.387006 0.000000
vt 0.375485 0.002854
vt 0.286375 0.935701
vt 0.286375 0.948150
vt 0.274854 0.948546
vt 0.274345 0.936612
vt 0.286375 0.959133
vt 0.274854 0.956279
vt 0.477392 0.145072
vt 0.466765 0.145072
vt 0.468138 0.133552
vt 0.478303 0.133042
vt 0.020872 0.000000
vt 0.020872 0.008843
vt 0.009352 0.009352
vt 0.009352 0.003126
vt 0.020872 0.020872
vt 0.008843 0.020872
vt 0.265503 0.939114
vt 0.268629 0.950308
vt 0.244631 -0.000000
vt 0.286375 0.000000
vt 0.345262 0.000000
vt 0.111879 1.000000
vt 0.132751 0.020872
vt 0.000000 0.020872
vt 0.265503 0.979128
vt 0.132751 0.979128
s 0
usemtl Light_Stained_Pine
f 1249/1960/1275 1252/1961/1275 1254/1962/1275 1253/1963/1275
f 1252/1964/1276 1256/1965/1276 1257/1966/1276 1254/1967/1276
f 1250/1968/1277 1255/1969/1277 1257/1966/1277 1256/1965/1277
f 1255/1970/1278 1259/1971/1278 1260/1972/1278 1257/1973/1278
f 1251/1974/1279 1258/1975/1279 1260/1972/1279 1259/1971/1279
f 1258/1975/1280 1253/1976/1280 1254/1977/1280 1260/1972/1280
f 1254/1977/1281 1257/1973/1281 1260/1972/1281
f 1261/1978/1282 1264/1979/1282 1266/1980/1282 1265/1981/1282
f 1264/1979/1283 1268/1982/1283 1269/1983/1283 1266/1980/1283
f 1262/1984/1284 1267/1985/1284 1269/1986/1284 1268/1987/1284
f 1267/1988/1285 1271/1989/1285 1272/1990/1285 1269/1991/1285
f 1263/1992/1286 1270/1993/1286 1272/1990/1286 1271/1989/1286
f 1270/1994/1287 1265/1981/1287 1266/1980/1287 1272/1995/1287
f 1266/1980/1288 1269/1983/1288 1272/1995/1288
f 1273/1996/1289 1276/1997/1289 1278/1998/1289 1277/1999/1289
f 1276/2000/1290 1280/2001/1290 1281/2002/1290 1278/2003/1290
f 1274/2004/1291 1279/2005/1291 1281/2002/1291 1280/2001/1291
f 1279/2005/1292 1283/2006/1292 1284/2007/1292 1281/2002/1292
f 1275/2008/1293 1282/2009/1293 1284/2010/1293 1283/2011/1293
f 1282/2009/1294 1277/2012/1294 1278/2013/1294 1284/2010/1294
f 1278/2003/1295 1281/2002/1295 1284/2007/1295
f 1285/2014/1296 1288/2015/1296 1290/2016/1296 1289/2017/1296
f 1288/2018/1297 1292/2019/1297 1293/2020/1297 1290/2021/1297
f 1286/2022/1298 1291/2023/1298 1293/2020/1298 1292/2019/1298
f 1291/2023/1299 1295/2024/1299 1296/2025/1299 1293/2020/1299
f 1287/2026/1300 1294/2027/1300 1296/2028/1300 1295/2029/1300
f 1294/2027/1301 1289/2030/1301 1290/2031/1301 1296/2028/1301
f 1290/2021/1302 1293/2020/1302 1296/2025/1302
f 1297/2032/1303 1300/2033/1303 1302/2034/1303 1301/2035/1303
f 1300/2033/1304 1304/2036/1304 1305/2037/1304 1302/2034/1304
f 1298/2038/1305 1303/2039/1305 1305/2040/1305 1304/2041/1305
f 1303/2039/1306 1307/2042/1306 1308/2043/1306 1305/2040/1306
f 1299/2044/1307 1306/2045/1307 1308/2046/1307 1307/2047/1307
f 1306/2048/1308 1301/2035/1308 1302/2034/1308 1308/2049/1308
f 1302/2050/1309 1305/2040/1309 1308/2043/1309
f 1309/2051/1310 1312/2052/1310 1314/2053/1310 1313/2054/1310
f 1312/2052/1311 1316/2055/1311 1317/2056/1311 1314/2053/1311
f 1310/2057/1312 1315/2058/1312 1317/2059/1312 1316/2060/1312
f 1315/2061/1313 1319/2062/1313 1320/2063/1313 1317/2064/1313
f 1311/2065/1314 1318/2066/1314 1320/2063/1314 1319/2062/1314
f 1318/2067/1315 1313/2054/1315 1314/2053/1315 1320/2068/1315
f 1314/2069/1316 1317/2064/1316 1320/2063/1316
f 1321/2070/1317 1324/2071/1317 1326/2072/1317 1325/2073/1317
f 1324/2071/1318 1328/2074/1318 1329/2075/1318 1326/2072/1318
f 1322/2076/1319 1327/2077/1319 1329/2078/1319 1328/2079/1319
f 1327/2077/1320 1331/2080/1320 1332/2081/1320 1329/2078/1320
f 1323/2082/1321 1330/2083/1321 1332/2084/1321 1331/2085/1321
f 1330/2086/1322 1325/2073/1322 1326/2072/1322 1332/2087/1322
f 1326/2072/1323 1329/2075/1323 1332/2087/1323
f 1333/2088/1324 1336/2089/1324 1338/2090/1324 1337/2091/1324
f 1336/2089/1325 1340/2092/1325 1341/2093/1325 1338/2090/1325
f 1334/2094/1326 1339/2095/1326 1341/2096/1326 1340/2097/1326
f 1339/2098/1327 1343/2099/1327 1344/2100/1327 1341/2101/1327
f 1335/2102/1328 1342/2103/1328 1344/2100/1328 1343/2099/1328
f 1342/2104/1329 1337/2091/1329 1338/2090/1329 1344/2105/1329
f 1338/2090/1330 1341/2093/1330 1344/2105/1330
f 1273/1996/1331 1249/1960/1331 1253/1963/1331 1276/1997/1331
f 1276/2000/1332 1253/1976/1332 1258/1975/1332 1280/2001/1332
f 1280/2001/1333 1258/1975/1333 1251/1974/1333 1274/2004/1333
f 1250/1968/1334 1261/1978/1334 1265/1981/1334 1255/1969/1334
f 1255/1969/1335 1265/1981/1335 1270/1994/1335 1259/2106/1335
f 1259/1971/1336 1270/1993/1336 1263/1992/1336 1251/1974/1336
f 1262/1984/1337 1285/2014/1337 1289/2017/1337 1267/1985/1337
f 1267/1985/1338 1289/2017/1338 1294/2107/1338 1271/2108/1338
f 1271/1989/1339 1294/2027/1339 1287/2026/1339 1263/1992/1339
f 1286/2022/1340 1275/2008/1340 1283/2011/1340 1291/2023/1340
f 1291/2023/1341 1283/2011/1341 1279/2109/1341 1295/2024/1341
f 1295/2029/1342 1279/2005/1342 1274/2004/1342 1287/2026/1342
f 1321/2070/1343 1273/1996/1343 1277/1999/1343 1324/2071/1343
f 1324/2110/1344 1277/2012/1344 1282/2009/1344 1328/2079/1344
f 1328/2079/1345 1282/2009/1345 1275/2008/1345 1322/2076/1345
f 1285/2014/1346 1333/2088/1346 1337/2091/1346 1288/2015/1346
f 1288/2018/1347 1337/2111/1347 1342/2103/1347 1292/2019/1347
f 1292/2019/1348 1342/2103/1348 1335/2102/1348 1286/2022/1348
f 1334/2094/1349 1323/2082/1349 1331/2085/1349 1339/2095/1349
f 1339/2098/1350 1331/2080/1350 1327/2077/1350 1343/2099/1350
f 1343/2099/1351 1327/2077/1351 1322/2076/1351 1335/2102/1351
f 1297/2032/1352 1321/2070/1352 1325/2073/1352 1300/2033/1352
f 1300/2033/1353 1325/2073/1353 1330/2086/1353 1304/2036/1353
f 1304/2041/1354 1330/2083/1354 1323/2082/1354 1298/2038/1354
f 1333/2088/1355 1309/2051/1355 1313/2054/1355 1336/2089/1355
f 1336/2089/1356 1313/2054/1356 1318/2067/1356 1340/2092/1356
f 1340/2097/1357 1318/2066/1357 1311/2065/1357 1334/2094/1357
f 1310/2057/1358 1299/2044/1358 1307/2047/1358 1315/2058/1358
f 1315/2061/1359 1307/2042/1359 1303/2039/1359 1319/2062/1359
f 1319/2062/1360 1303/2039/1360 1298/2038/1360 1311/2065/1360
f 1249/1960/1361 1297/2032/1361 1301/2035/1361 1252/1961/1361
f 1252/1964/1362 1301/2112/1362 1306/2045/1362 1256/1965/1362
f 1256/1965/1363 1306/2045/1363 1299/2044/1363 1250/1968/1363
f 1309/2051/1364 1262/1984/1364 1268/1987/1364 1312/2052/1364
f 1312/2113/1365 1268/1982/1365 1264/1979/1365 1316/2060/1365
f 1316/2060/1366 1264/1979/1366 1261/1978/1366 1310/2057/1366
f 1273/1996/1367 1321/2070/1367 1297/2032/1367 1249/1960/1367
f 1251/1974/1368 1263/1992/1368 1287/2026/1368 1274/2004/1368
f 1299/2044/1369 1310/2057/1369 1261/1978/1369 1250/1968/1369
f 1333/2088/1370 1285/2014/1370 1262/1984/1370 1309/2051/1370
f 1275/2008/1371 1286/2022/1371 1335/2102/1371 1322/2076/1371
f 1323/2082/1372 1334/2094/1372 1311/2065/1372 1298/2038/1372
o Back_Vertical_Slat_1
v -0.605000 2.610000 -0.780000
v -0.605000 2.635000 -0.755000
v -0.630000 2.635000 -0.780000
v -0.605000 2.613340 -0.767516
v -0.617484 2.613340 -0.780000
v -0.616955 2.616584 -0.768045
v -0.617484 2.635000 -0.758340
v -0.605000 2.622516 -0.758340
v -0.616955 2.623044 -0.761584
v -0.626660 2.622516 -0.780000
v -0.626660 2.635000 -0.767516
v -0.623416 2.623044 -0.768045
v -0.605000 4.065000 -0.755000
v -0.605000 4.090000 -0.780000
v -0.630000 4.065000 -0.780000
v -0.605000 4.077484 -0.758340
v -0.617484 4.065000 -0.758340
v -0.616955 4.076955 -0.761584
v -0.617484 4.086660 -0.780000
v -0.605000 4.086660 -0.767516
v -0.616955 4.083416 -0.768045
v -0.626660 4.065000 -0.767516
v -0.626660 4.077484 -0.780000
v -0.623416 4.076955 -0.768045
v -0.605000 2.610000 -0.860000
v -0.630000 2.635000 -0.860000
v -0.605000 2.635000 -0.885000
v -0.617484 2.613340 -0.860000
v -0.605000 2.613340 -0.872484
v -0.616955 2.616584 -0.871955
v -0.626660 2.635000 -0.872484
v -0.626660 2.622516 -0.860000
v -0.623416 2.623044 -0.871955
v -0.605000 2.622516 -0.881660
v -0.617484 2.635000 -0.881660
v -0.616955 2.623044 -0.878416
v -0.605000 4.090000 -0.860000
v -0.605000 4.065000 -0.885000
v -0.630000 4.065000 -0.860000
v -0.605000 4.086660 -0.872484
v -0.617484 4.086660 -0.860000
v -0.616955 4.083416 -0.871955
v -0.617484 4.065000 -0.881660
v -0.605000 4.077484 -0.881660
v -0.616955 4.076955 -0.878416
v -0.626660 4.077484 -0.860000
v -0.626660 4.065000 -0.872484
v -0.623416 4.076955 -0.871955
v -0.535000 2.610000 -0.780000
v -0.510000 2.635000 -0.780000
v -0.535000 2.635000 -0.755000
v -0.522516 2.613340 -0.780000
v -0.535000 2.613340 -0.767516
v -0.523045 2.616584 -0.768045
v -0.513340 2.635000 -0.767516
v -0.513340 2.622516 -0.780000
v -0.516584 2.623044 -0.768045
v -0.535000 2.622516 -0.758340
v -0.522516 2.635000 -0.758340
v -0.523045 2.623044 -0.761584
v -0.535000 4.090000 -0.780000
v -0.535000 4.065000 -0.755000
v -0.510000 4.065000 -0.780000
v -0.535000 4.086660 -0.767516
v -0.522516 4.086660 -0.780000
v -0.523045 4.083416 -0.768045
v -0.522516 4.065000 -0.758340
v -0.535000 4.077484 -0.758340
v -0.523045 4.076955 -0.761584
v -0.513340 4.077484 -0.780000
v -0.513340 4.065000 -0.767516
v -0.516584 4.076955 -0.768045
v -0.535000 2.610000 -0.860000
v -0.535000 2.635000 -0.885000
v -0.510000 2.635000 -0.860000
v -0.535000 2.613340 -0.872484
v -0.522516 2.613340 -0.860000
v -0.523045 2.616584 -0.871955
v -0.522516 2.635000 -0.881660
v -0.535000 2.622516 -0.881660
v -0.523045 2.623044 -0.878416
v -0.513340 2.622516 -0.860000
v -0.513340 2.635000 -0.872484
v -0.516584 2.623044 -0.871955
v -0.535000 4.090000 -0.860000
v -0.510000 4.065000 -0.860000
v -0.535000 4.065000 -0.885000
v -0.522516 4.086660 -0.860000
v -0.535000 4.086660 -0.872484
v -0.523045 4.083416 -0.871955
v -0.513340 4.065000 -0.872484
v -0.513340 4.077484 -0.860000
v -0.516584 4.076955 -0.871955
v -0.535000 4.077484 -0.881660
v -0.522516 4.065000 -0.881660
v -0.523045 4.076955 -0.878416
vn -0.2566 -0.9318 0.2566
vn -0.2178 -0.6901 0.6901
vn -0.2566 -0.2566 0.9318
vn -0.6901 -0.2178 0.6901
vn -0.9318 -0.2566 0.2566
vn -0.6901 -0.6901 0.2178
vn -0.5773 -0.5774 0.5774
vn -0.2566 0.2566 0.9318
vn -0.2178 0.6901 0.6901
vn -0.2566 0.9318 0.2566
vn -0.6901 0.6901 0.2178
vn -0.9318 0.2566 0.2566
vn -0.6901 0.2178 0.6901
vn -0.5773 0.5773 0.5774
vn -0.2566 -0.9318 -0.2566
vn -0.6901 -0.6901 -0.2178
vn -0.9318 -0.2566 -0.2566
vn -0.6901 -0.2178 -0.6901
vn -0.2566 -0.2566 -0.9318
vn -0.2178 -0.6901 -0.6901
vn -0.5773 -0.5774 -0.5774
vn -0.2566 0.9318 -0.2566
vn -0.2178 0.6901 -0.6901
vn -0.2566 0.2566 -0.9318
vn -0.6901 0.2178 -0.6901
vn -0.9318 0.2566 -0.2566
vn -0.6901 0.6901 -0.2178
vn -0.5773 0.5773 -0.5774
vn 0.2566 -0.9318 0.2566
vn 0.6901 -0.6901 0.2178
vn 0.9318 -0.2566 0.2566
vn 0.6901 -0.2178 0.6901
vn 0.2566 -0.2566 0.9318
vn 0.2178 -0.6901 0.6901
vn 0.5773 -0.5774 0.5774
vn 0.2566 0.9318 0.2566
vn 0.2178 0.6901 0.6901
vn 0.2566 0.2566 0.9318
vn 0.6901 0.2178 0.6901
vn 0.9318 0.2566 0.2566
vn 0.6901 0.6901 0.2178
vn 0.5773 0.5773 0.5774
vn 0.2566 -0.9318 -0.2566
vn 0.2178 -0.6901 -0.6901
vn 0.2566 -0.2566 -0.9318
vn 0.6901 -0.2178 -0.6901
vn 0.9318 -0.2566 -0.2566
vn 0.6901 -0.6901 -0.2178
vn 0.5773 -0.5774 -0.5774
vn 0.2566 0.9318 -0.2566
vn 0.6901 0.6901 -0.2178
vn 0.9318 0.2566 -0.2566
vn 0.6901 0.2178 -0.6901
vn 0.2566 0.2566 -0.9318
vn 0.2178 0.6901 -0.6901
vn 0.5773 0.5773 -0.5774
vn -0.2585 -0.9660 -0.0000
vn -0.7071 -0.7071 -0.0000
vn -0.9660 -0.2585 -0.0000
vn -0.2585 -0.0000 0.9660
vn -0.7071 -0.0000 0.7071
vn -0.9660 -0.0000 0.2585
vn -0.2585 0.9660 -0.0000
vn -0.7071 0.7071 -0.0000
vn -0.9660 0.2585 -0.0000
vn -0.2585 -0.0000 -0.9660
vn -0.7071 -0.0000 -0.7071
vn -0.9660 -0.0000 -0.2585
vn -0.0000 -0.9660 -0.2585
vn -0.0000 -0.7071 -0.7071
vn -0.0000 -0.2585 -0.9660
vn -0.0000 0.9660 -0.2585
vn -0.0000 0.7071 -0.7071
vn -0.0000 0.2585 -0.9660
vn 0.9660 -0.0000 -0.2585
vn 0.7071 -0.0000 -0.7071
vn 0.2585 -0.0000 -0.9660
vn 0.2585 -0.9660 -0.0000
vn 0.7071 -0.7071 -0.0000
vn 0.9660 -0.2585 -0.0000
vn 0.2585 0.9660 -0.0000
vn 0.7071 0.7071 -0.0000
vn 0.9660 0.2585 -0.0000
vn 0.2585 -0.0000 0.9660
vn 0.7071 -0.0000 0.7071
vn 0.9660 -0.0000 0.2585
vn -0.0000 -0.9660 0.2585
vn -0.0000 -0.7071 0.7071
vn -0.0000 -0.2585 0.9660
vn -0.0000 0.9660 0.2585
vn -0.0000 0.7071 0.7071
vn -0.0000 0.2585 0.9660
vn -0.0000 -1.0000 -0.0000
vn -1.0000 -0.0000 -0.0000
vn -0.0000 -0.0000 1.0000
vn -0.0000 1.0000 -0.0000
vn -0.0000 -0.0000 -1.0000
vn 1.0000 -0.0000 -0.0000
vt 0.389819 0.062213
vt 0.397304 0.062213
vt 0.396337 0.070328
vt 0.389177 0.070686
vt 0.229618 0.954921
vt 0.229618 0.947185
vt 0.237732 0.947464
vt 0.237732 0.952911
vt 0.229618 0.938417
vt 0.238091 0.939058
vt 0.244319 0.940821
vt 0.242117 0.948705
vt 0.014702 0.985298
vt 0.014702 0.993772
vt 0.006587 0.993413
vt 0.006228 0.985298
vt 0.014702 1.000000
vt 0.006587 0.997798
vt 0.229618 0.007485
vt 0.229618 0.000000
vt 0.237732 0.000967
vt 0.238091 0.008127
vt 0.397304 0.091616
vt 0.389568 0.091616
vt 0.389847 0.083502
vt 0.395294 0.083502
vt 0.380800 0.091616
vt 0.381441 0.083143
vt 0.383203 0.076915
vt 0.391088 0.079117
vt 0.014702 0.014702
vt 0.006228 0.014702
vt 0.006587 0.006587
vt 0.014702 0.006228
vt 0.000000 0.014702
vt 0.002202 0.006587
vt 0.337739 0.062213
vt 0.337097 0.070686
vt 0.328691 0.070328
vt 0.328970 0.062213
vt 0.335335 0.076915
vt 0.327451 0.074713
vt 0.069001 0.985298
vt 0.077474 0.985298
vt 0.077115 0.993413
vt 0.069001 0.993772
vt 0.083702 0.985298
vt 0.081500 0.993413
vt 0.259021 0.947436
vt 0.259021 0.954921
vt 0.250906 0.953955
vt 0.250548 0.946795
vt 0.321234 0.062213
vt 0.323245 0.070328
vt 0.328720 0.091616
vt 0.321234 0.091616
vt 0.322201 0.083502
vt 0.329361 0.083143
vt 0.259021 0.000000
vt 0.259021 0.007736
vt 0.250906 0.007457
vt 0.250906 0.002011
vt 0.259021 0.016505
vt 0.250548 0.015863
vt 0.244319 0.014101
vt 0.246521 0.006216
vt 0.069001 0.014702
vt 0.069001 0.006228
vt 0.077115 0.006587
vt 0.077474 0.014702
vt 0.069001 0.000000
vt 0.077115 0.002202
vt 0.389819 0.014702
vt 0.389177 0.006228
vt 0.396337 0.006587
vt 0.397304 0.014702
vt 0.152703 1.000000
vt 0.152703 0.993772
vt 0.160817 0.993413
vt 0.160817 0.997798
vt 0.152703 0.985298
vt 0.161176 0.985298
vt 0.167404 0.940821
vt 0.173633 0.939058
vt 0.173991 0.947464
vt 0.169606 0.948705
vt 0.182106 0.938417
vt 0.182106 0.947185
vt 0.182106 0.954921
vt 0.173991 0.952911
vt 0.380800 0.139128
vt 0.389568 0.139128
vt 0.389847 0.147243
vt 0.381441 0.147601
vt 0.397304 0.139128
vt 0.395294 0.147243
vt 0.182106 0.007485
vt 0.173633 0.008127
vt 0.173991 0.000967
vt 0.182106 0.000000
vt 0.167404 0.014702
vt 0.161176 0.014702
vt 0.160817 0.006587
vt 0.165202 0.006587
vt 0.152703 0.014702
vt 0.152703 0.006228
vt 0.383203 0.153830
vt 0.391088 0.151628
vt 0.337739 0.014702
vt 0.328970 0.014702
vt 0.328691 0.006587
vt 0.337097 0.006228
vt 0.321234 0.014702
vt 0.323245 0.006587
vt 0.306533 0.947436
vt 0.315006 0.946795
vt 0.314647 0.953955
vt 0.306533 0.954921
vt 0.089931 0.985298
vt 0.090289 0.993413
vt 0.085904 0.993413
vt 0.098404 0.985298
vt 0.098404 0.993772
vt 0.335335 0.000000
vt 0.327451 0.002202
vt 0.328720 0.139128
vt 0.329361 0.147601
vt 0.322201 0.147243
vt 0.321234 0.139128
vt 0.098404 0.000000
vt 0.098404 0.006228
vt 0.090289 0.006587
vt 0.090289 0.002202
vt 0.098404 0.014702
vt 0.089931 0.014702
vt 0.321234 0.014101
vt 0.315006 0.015863
vt 0.314647 0.007457
vt 0.319032 0.006216
vt 0.306533 0.016505
vt 0.306533 0.007736
vt 0.306533 0.000000
vt 0.314647 0.002011
vt 0.069001 1.000000
vt 0.000000 0.985298
vt 0.014702 0.000000
vt 0.083702 0.014702
vt 0.098404 1.000000
vt 0.152703 0.000000
vt 0.167404 0.985298
s 0
usemtl Light_Stained_Pine
f 1345/2114/1373 1348/2115/1373 1350/2116/1373 1349/2117/1373
f 1348/2118/1374 1352/2119/1374 1353/2120/1374 1350/2121/1374
f 1346/2122/1375 1351/2123/1375 1353/2120/1375 1352/2119/1375
f 1351/2123/1376 1355/2124/1376 1356/2125/1376 1353/2120/1376
f 1347/2126/1377 1354/2127/1377 1356/2128/1377 1355/2129/1377
f 1354/2127/1378 1349/2130/1378 1350/2131/1378 1356/2128/1378
f 1350/2121/1379 1353/2120/1379 1356/2125/1379
f 1357/2132/1380 1360/2133/1380 1362/2134/1380 1361/2135/1380
f 1360/2136/1381 1364/2137/1381 1365/2138/1381 1362/2139/1381
f 1358/2140/1382 1363/2141/1382 1365/2138/1382 1364/2137/1382
f 1363/2141/1383 1367/2142/1383 1368/2143/1383 1365/2138/1383
f 1359/2144/1384 1366/2145/1384 1368/2146/1384 1367/2147/1384
f 1366/2145/1385 1361/2148/1385 1362/2149/1385 1368/2146/1385
f 1362/2139/1386 1365/2138/1386 1368/2143/1386
f 1369/2150/1387 1372/2151/1387 1374/2152/1387 1373/2153/1387
f 1372/2151/1388 1376/2154/1388 1377/2155/1388 1374/2152/1388
f 1370/2156/1389 1375/2157/1389 1377/2158/1389 1376/2159/1389
f 1375/2157/1390 1379/2160/1390 1380/2161/1390 1377/2158/1390
f 1371/2162/1391 1378/2163/1391 1380/2164/1391 1379/2165/1391
f 1378/2166/1392 1373/2153/1392 1374/2152/1392 1380/2167/1392
f 1374/2152/1393 1377/2155/1393 1380/2167/1393
f 1381/2168/1394 1384/2169/1394 1386/2170/1394 1385/2171/1394
f 1384/2172/1395 1388/2173/1395 1389/2174/1395 1386/2175/1395
f 1382/2176/1396 1387/2177/1396 1389/2174/1396 1388/2173/1396
f 1387/2177/1397 1391/2178/1397 1392/2179/1397 1389/2174/1397
f 1383/2180/1398 1390/2181/1398 1392/2182/1398 1391/2183/1398
f 1390/2181/1399 1385/2184/1399 1386/2185/1399 1392/2182/1399
f 1386/2175/1400 1389/2174/1400 1392/2179/1400
f 1393/2186/1401 1396/2187/1401 1398/2188/1401 1397/2189/1401
f 1396/2190/1402 1400/2191/1402 1401/2192/1402 1398/2193/1402
f 1394/2194/1403 1399/2195/1403 1401/2192/1403 1400/2191/1403
f 1399/2196/1404 1403/2197/1404 1404/2198/1404 1401/2199/1404
f 1395/2200/1405 1402/2201/1405 1404/2198/1405 1403/2197/1405
f 1402/2201/1406 1397/2202/1406 1398/2203/1406 1404/2198/1406
f 1398/2203/1407 1401/2199/1407 1404/2198/1407
f 1405/2204/1408 1408/2205/1408 1410/2206/1408 1409/2207/1408
f 1408/2205/1409 1412/2208/1409 1413/2209/1409 1410/2206/1409
f 1406/2210/1410 1411/2211/1410 1413/2212/1410 1412/2213/1410
f 1411/2214/1411 1415/2215/1411 1416/2216/1411 1413/2217/1411
f 1407/2218/1412 1414/2219/1412 1416/2216/1412 1415/2215/1412
f 1414/2220/1413 1409/2207/1413 1410/2206/1413 1416/2221/1413
f 1410/2206/1414 1413/2209/1414 1416/2221/1414
f 1417/2222/1415 1420/2223/1415 1422/2224/1415 1421/2225/1415
f 1420/2223/1416 1424/2226/1416 1425/2227/1416 1422/2224/1416
f 1418/2228/1417 1423/2229/1417 1425/2230/1417 1424/2231/1417
f 1423/2160/1418 1427/2232/1418 1428/2233/1418 1425/2234/1418
f 1419/2235/1419 1426/2236/1419 1428/2233/1419 1427/2232/1419
f 1426/2237/1420 1421/2225/1420 1422/2224/1420 1428/2238/1420
f 1422/2224/1421 1425/2227/1421 1428/2238/1421
f 1429/2239/1422 1432/2240/1422 1434/2241/1422 1433/2242/1422
f 1432/2243/1423 1436/2244/1423 1437/2245/1423 1434/2246/1423
f 1430/2247/1424 1435/2248/1424 1437/2245/1424 1436/2244/1424
f 1435/2249/1425 1439/2250/1425 1440/2251/1425 1437/2252/1425
f 1431/2253/1426 1438/2254/1426 1440/2251/1426 1439/2250/1426
f 1438/2254/1427 1433/2255/1427 1434/2256/1427 1440/2251/1427
f 1434/2256/1428 1437/2252/1428 1440/2251/1428
f 1369/2150/1429 1345/2114/1429 1349/2117/1429 1372/2151/1429
f 1372/2257/1430 1349/2130/1430 1354/2127/1430 1376/2159/1430
f 1376/2159/1431 1354/2127/1431 1347/2126/1431 1370/2156/1431
f 1346/2122/1432 1357/2132/1432 1361/2135/1432 1351/2123/1432
f 1351/2258/1433 1361/2148/1433 1366/2145/1433 1355/2129/1433
f 1355/2129/1434 1366/2145/1434 1359/2144/1434 1347/2126/1434
f 1358/2140/1435 1381/2168/1435 1385/2171/1435 1363/2141/1435
f 1363/2259/1436 1385/2184/1436 1390/2181/1436 1367/2147/1436
f 1367/2147/1437 1390/2181/1437 1383/2180/1437 1359/2144/1437
f 1382/2176/1438 1371/2162/1438 1379/2165/1438 1387/2177/1438
f 1387/2260/1439 1379/2160/1439 1375/2157/1439 1391/2183/1439
f 1391/2183/1440 1375/2157/1440 1370/2156/1440 1383/2180/1440
f 1417/2222/1441 1369/2150/1441 1373/2153/1441 1420/2223/1441
f 1420/2223/1442 1373/2153/1442 1378/2166/1442 1424/2226/1442
f 1424/2231/1443 1378/2163/1443 1371/2162/1443 1418/2228/1443
f 1381/2168/1444 1429/2239/1444 1433/2242/1444 1384/2169/1444
f 1384/2172/1445 1433/2255/1445 1438/2254/1445 1388/2173/1445
f 1388/2173/1446 1438/2254/1446 1431/2253/1446 1382/2176/1446
f 1430/2247/1447 1419/2235/1447 1427/2232/1447 1435/2248/1447
f 1435/2248/1448 1427/2232/1448 1423/2160/1448 1439/2260/1448
f 1439/2250/1449 1423/2229/1449 1418/2228/1449 1431/2253/1449
f 1393/2186/1450 1417/2222/1450 1421/2225/1450 1396/2187/1450
f 1396/2190/1451 1421/2261/1451 1426/2236/1451 1400/2191/1451
f 1400/2191/1452 1426/2236/1452 1419/2235/1452 1394/2194/1452
f 1429/2239/1453 1405/2204/1453 1409/2207/1453 1432/2240/1453
f 1432/2243/1454 1409/2262/1454 1414/2219/1454 1436/2244/1454
f 1436/2244/1455 1414/2219/1455 1407/2218/1455 1430/2247/1455
f 1406/2210/1456 1395/2200/1456 1403/2197/1456 1411/2211/1456
f 1411/2214/1457 1403/2263/1457 1399/2195/1457 1415/2215/1457
f 1415/2215/1458 1399/2195/1458 1394/2194/1458 1407/2218/1458
f 1345/2114/1459 1393/2186/1459 1397/2189/1459 1348/2115/1459
f 1348/2118/1460 1397/2202/1460 1402/2201/1460 1352/2119/1460
f 1352/2119/1461 1402/2201/1461 1395/2200/1461 1346/2122/1461
f 1405/2204/1462 1358/2140/1462 1364/2137/1462 1408/2205/1462
f 1408/2205/1463 1364/2137/1463 1360/2136/1463 1412/2208/1463
f 1412/2213/1464 1360/2133/1464 1357/2132/1464 1406/2210/1464
f 1369/2150/1465 1417/2222/1465 1393/2186/1465 1345/2114/1465
f 1347/2126/1466 1359/2144/1466 1383/2180/1466 1370/2156/1466
f 1395/2200/1467 1406/2210/1467 1357/2132/1467 1346/2122/1467
f 1429/2239/1468 1381/2168/1468 1358/2140/1468 1405/2204/1468
f 1371/2162/1469 1382/2176/1469 1431/2253/1469 1418/2228/1469
f 1419/2235/1470 1430/2247/1470 1407/2218/1470 1394/2194/1470
o Back_Vertical_Slat_2
v -0.225000 2.610000 -0.780000
v -0.225000 2.635000 -0.755000
v -0.250000 2.635000 -0.780000
v -0.225000 2.613340 -0.767516
v -0.237484 2.613340 -0.780000
v -0.236955 2.616584 -0.768045
v -0.237484 2.635000 -0.758340
v -0.225000 2.622516 -0.758340
v -0.236955 2.623044 -0.761584
v -0.246660 2.622516 -0.780000
v -0.246660 2.635000 -0.767516
v -0.243416 2.623044 -0.768045
v -0.225000 4.065000 -0.755000
v -0.225000 4.090000 -0.780000
v -0.250000 4.065000 -0.780000
v -0.225000 4.077484 -0.758340
v -0.237484 4.065000 -0.758340
v -0.236955 4.076955 -0.761584
v -0.237484 4.086660 -0.780000
v -0.225000 4.086660 -0.767516
v -0.236955 4.083416 -0.768045
v -0.246660 4.065000 -0.767516
v -0.246660 4.077484 -0.780000
v -0.243416 4.076955 -0.768045
v -0.225000 2.610000 -0.860000
v -0.250000 2.635000 -0.860000
v -0.225000 2.635000 -0.885000
v -0.237484 2.613340 -0.860000
v -0.225000 2.613340 -0.872484
v -0.236955 2.616584 -0.871955
v -0.246660 2.635000 -0.872484
v -0.246660 2.622516 -0.860000
v -0.243416 2.623044 -0.871955
v -0.225000 2.622516 -0.881660
v -0.237484 2.635000 -0.881660
v -0.236955 2.623044 -0.878416
v -0.225000 4.090000 -0.860000
v -0.225000 4.065000 -0.885000
v -0.250000 4.065000 -0.860000
v -0.225000 4.086660 -0.872484
v -0.237484 4.086660 -0.860000
v -0.236955 4.083416 -0.871955
v -0.237484 4.065000 -0.881660
v -0.225000 4.077484 -0.881660
v -0.236955 4.076955 -0.878416
v -0.246660 4.077484 -0.860000
v -0.246660 4.065000 -0.872484
v -0.243416 4.076955 -0.871955
v -0.155000 2.610000 -0.780000
v -0.130000 2.635000 -0.780000
v -0.155000 2.635000 -0.755000
v -0.142516 2.613340 -0.780000
v -0.155000 2.613340 -0.767516
v -0.143045 2.616584 -0.768045
v -0.133340 2.635000 -0.767516
v -0.133340 2.622516 -0.780000
v -0.136584 2.623044 -0.768045
v -0.155000 2.622516 -0.758340
v -0.142516 2.635000 -0.758340
v -0.143045 2.623044 -0.761584
v -0.155000 4.090000 -0.780000
v -0.155000 4.065000 -0.755000
v -0.130000 4.065000 -0.780000
v -0.155000 4.086660 -0.767516
v -0.142516 4.086660 -0.780000
v -0.143045 4.083416 -0.768045
v -0.142516 4.065000 -0.758340
v -0.155000 4.077484 -0.758340
v -0.143045 4.076955 -0.761584
v -0.133340 4.077484 -0.780000
v -0.133340 4.065000 -0.767516
v -0.136584 4.076955 -0.768045
v -0.155000 2.610000 -0.860000
v -0.155000 2.635000 -0.885000
v -0.130000 2.635000 -0.860000
v -0.155000 2.613340 -0.872484
v -0.142516 2.613340 -0.860000
v -0.143045 2.616584 -0.871955
v -0.142516 2.635000 -0.881660
v -0.155000 2.622516 -0.881660
v -0.143045 2.623044 -0.878416
v -0.133340 2.622516 -0.860000
v -0.133340 2.635000 -0.872484
v -0.136584 2.623044 -0.871955
v -0.155000 4.090000 -0.860000
v -0.130000 4.065000 -0.860000
v -0.155000 4.065000 -0.885000
v -0.142516 4.086660 -0.860000
v -0.155000 4.086660 -0.872484
v -0.143045 4.083416 -0.871955
v -0.133340 4.065000 -0.872484
v -0.133340 4.077484 -0.860000
v -0.136584 4.076955 -0.871955
v -0.155000 4.077484 -0.881660
v -0.142516 4.065000 -0.881660
v -0.143045 4.076955 -0.878416
vn -0.2566 -0.9318 0.2566
vn -0.2178 -0.6901 0.6901
vn -0.2566 -0.2566 0.9318
vn -0.6901 -0.2178 0.6901
vn -0.9318 -0.2566 0.2566
vn -0.6901 -0.6901 0.2178
vn -0.5773 -0.5774 0.5774
vn -0.2566 0.2566 0.9318
vn -0.2178 0.6901 0.6901
vn -0.2566 0.9318 0.2566
vn -0.6901 0.6901 0.2178
vn -0.9318 0.2566 0.2566
vn -0.6901 0.2178 0.6901
vn -0.5773 0.5773 0.5774
vn -0.2566 -0.9318 -0.2566
vn -0.6901 -0.6901 -0.2178
vn -0.9318 -0.2566 -0.2566
vn -0.6901 -0.2178 -0.6901
vn -0.2566 -0.2566 -0.9318
vn -0.2178 -0.6901 -0.6901
vn -0.5773 -0.5774 -0.5774
vn -0.2566 0.9318 -0.2566
vn -0.2178 0.6901 -0.6901
vn -0.2566 0.2566 -0.9318
vn -0.6901 0.2178 -0.6901
vn -0.9318 0.2566 -0.2566
vn -0.6901 0.6901 -0.2178
vn -0.5773 0.5773 -0.5774
vn 0.2566 -0.9318 0.2566
vn 0.6901 -0.6901 0.2178
vn 0.9318 -0.2566 0.2566
vn 0.6901 -0.2178 0.6901
vn 0.2566 -0.2566 0.9318
vn 0.2178 -0.6901 0.6901
vn 0.5773 -0.5774 0.5774
vn 0.2566 0.9318 0.2566
vn 0.2178 0.6901 0.6901
vn 0.2566 0.2566 0.9318
vn 0.6901 0.2178 0.6901
vn 0.9318 0.2566 0.2566
vn 0.6901 0.6901 0.2178
vn 0.5773 0.5773 0.5774
vn 0.2566 -0.9318 -0.2566
vn 0.2178 -0.6901 -0.6901
vn 0.2566 -0.2566 -0.9318
vn 0.6901 -0.2178 -0.6901
vn 0.9318 -0.2566 -0.2566
vn 0.6901 -0.6901 -0.2178
vn 0.5773 -0.5774 -0.5774
vn 0.2566 0.9318 -0.2566
vn 0.6901 0.6901 -0.2178
vn 0.9318 0.2566 -0.2566
vn 0.6901 0.2178 -0.6901
vn 0.2566 0.2566 -0.9318
vn 0.2178 0.6901 -0.6901
vn 0.5773 0.5773 -0.5774
vn -0.2585 -0.9660 -0.0000
vn -0.7071 -0.7071 -0.0000
vn -0.9660 -0.2585 -0.0000
vn -0.2585 -0.0000 0.9660
vn -0.7071 -0.0000 0.7071
vn -0.9660 -0.0000 0.2585
vn -0.2585 0.9660 -0.0000
vn -0.7071 0.7071 -0.0000
vn -0.9660 0.2585 -0.0000
vn -0.2585 -0.0000 -0.9660
vn -0.7071 -0.0000 -0.7071
vn -0.9660 -0.0000 -0.2585
vn -0.0000 -0.9660 -0.2585
vn -0.0000 -0.7071 -0.7071
vn -0.0000 -0.2585 -0.9660
vn -0.0000 0.9660 -0.2585
vn -0.0000 0.7071 -0.7071
vn -0.0000 0.2585 -0.9660
vn 0.9660 -0.0000 -0.2585
vn 0.7071 -0.0000 -0.7071
vn 0.2585 -0.0000 -0.9660
vn 0.2585 -0.9660 -0.0000
vn 0.7071 -0.7071 -0.0000
vn 0.9660 -0.2585 -0.0000
vn 0.2585 0.9660 -0.0000
vn 0.7071 0.7071 -0.0000
vn 0.9660 0.2585 -0.0000
vn 0.2585 -0.0000 0.9660
vn 0.7071 -0.0000 0.7071
vn 0.9660 -0.0000 0.2585
vn -0.0000 -0.9660 0.2585
vn -0.0000 -0.7071 0.7071
vn -0.0000 -0.2585 0.9660
vn -0.0000 0.9660 0.2585
vn -0.0000 0.7071 0.7071
vn -0.0000 0.2585 0.9660
vn -0.0000 -1.0000 -0.0000
vn -1.0000 -0.0000 -0.0000
vn -0.0000 -0.0000 1.0000
vn -0.0000 1.0000 -0.0000
vn -0.0000 -0.0000 -1.0000
vn 1.0000 -0.0000 -0.0000
vt 0.389819 0.062213
vt 0.397304 0.062213
vt 0.396337 0.070328
vt 0.389177 0.070686
vt 0.229618 0.954921
vt 0.229618 0.947185
vt 0.237732 0.947464
vt 0.237732 0.952911
vt 0.229618 0.938417
vt 0.238091 0.939058
vt 0.244319 0.940821
vt 0.242117 0.948705
vt 0.014702 0.985298
vt 0.014702 0.993772
vt 0.006587 0.993413
vt 0.006228 0.985298
vt 0.014702 1.000000
vt 0.006587 0.997798
vt 0.229618 0.007485
vt 0.229618 0.000000
vt 0.237732 0.000967
vt 0.238091 0.008127
vt 0.397304 0.091616
vt 0.389568 0.091616
vt 0.389847 0.083502
vt 0.395294 0.083502
vt 0.380800 0.091616
vt 0.381441 0.083143
vt 0.383203 0.076915
vt 0.391088 0.079117
vt 0.014702 0.014702
vt 0.006228 0.014702
vt 0.006587 0.006587
vt 0.014702 0.006228
vt 0.000000 0.014702
vt 0.002202 0.006587
vt 0.337739 0.062213
vt 0.337097 0.070686
vt 0.328691 0.070328
vt 0.328970 0.062213
vt 0.335335 0.076915
vt 0.327451 0.074713
vt 0.069001 0.985298
vt 0.077474 0.985298
vt 0.077115 0.993413
vt 0.069001 0.993772
vt 0.083702 0.985298
vt 0.081500 0.993413
vt 0.259021 0.947436
vt 0.259021 0.954921
vt 0.250906 0.953955
vt 0.250548 0.946795
vt 0.321234 0.062213
vt 0.323245 0.070328
vt 0.328720 0.091616
vt 0.321234 0.091616
vt 0.322201 0.083502
vt 0.329361 0.083143
vt 0.259021 0.000000
vt 0.259021 0.007736
vt 0.250906 0.007457
vt 0.250906 0.002011
vt 0.259021 0.016505
vt 0.250548 0.015863
vt 0.244319 0.014101
vt 0.246521 0.006216
vt 0.069001 0.014702
vt 0.069001 0.006228
vt 0.077115 0.006587
vt 0.077474 0.014702
vt 0.069001 0.000000
vt 0.077115 0.002202
vt 0.389819 0.014702
vt 0.389177 0.006228
vt 0.396337 0.006587
vt 0.397304 0.014702
vt 0.152703 1.000000
vt 0.152703 0.993772
vt 0.160817 0.993413
vt 0.160817 0.997798
vt 0.152703 0.985298
vt 0.161176 0.985298
vt 0.167404 0.940821
vt 0.173633 0.939058
vt 0.173991 0.947464
vt 0.169606 0.948705
vt 0.182106 0.938417
vt 0.182106 0.947185
vt 0.182106 0.954921
vt 0.173991 0.952911
vt 0.380800 0.139128
vt 0.389568 0.139128
vt 0.389847 0.147243
vt 0.381441 0.147601
vt 0.397304 0.139128
vt 0.395294 0.147243
vt 0.182106 0.007485
vt 0.173633 0.008127
vt 0.173991 0.000967
vt 0.182106 0.000000
vt 0.167404 0.014702
vt 0.161176 0.014702
vt 0.160817 0.006587
vt 0.165202 0.006587
vt 0.152703 0.014702
vt 0.152703 0.006228
vt 0.383203 0.153830
vt 0.391088 0.151628
vt 0.337739 0.014702
vt 0.328970 0.014702
vt 0.328691 0.006587
vt 0.337097 0.006228
vt 0.321234 0.014702
vt 0.323245 0.006587
vt 0.306533 0.947436
vt 0.315006 0.946795
vt 0.314647 0.953955
vt 0.306533 0.954921
vt 0.089931 0.985298
vt 0.090289 0.993413
vt 0.085904 0.993413
vt 0.098404 0.985298
vt 0.098404 0.993772
vt 0.335335 0.000000
vt 0.327451 0.002202
vt 0.328720 0.139128
vt 0.329361 0.147601
vt 0.322201 0.147243
vt 0.321234 0.139128
vt 0.098404 0.000000
vt 0.098404 0.006228
vt 0.090289 0.006587
vt 0.090289 0.002202
vt 0.098404 0.014702
vt 0.089931 0.014702
vt 0.321234 0.014101
vt 0.315006 0.015863
vt 0.314647 0.007457
vt 0.319032 0.006216
vt 0.306533 0.016505
vt 0.306533 0.007736
vt 0.306533 0.000000
vt 0.314647 0.002011
vt 0.069001 1.000000
vt 0.000000 0.985298
vt 0.014702 0.000000
vt 0.083702 0.014702
vt 0.098404 1.000000
vt 0.152703 0.000000
vt 0.167404 0.985298
s 0
usemtl Light_Stained_Pine
f 1441/2264/1471 1444/2265/1471 1446/2266/1471 1445/2267/1471
f 1444/2268/1472 1448/2269/1472 1449/2270/1472 1446/2271/1472
f 1442/2272/1473 1447/2273/1473 1449/2270/1473 1448/2269/1473
f 1447/2273/1474 1451/2274/1474 1452/2275/1474 1449/2270/1474
f 1443/2276/1475 1450/2277/1475 1452/2278/1475 1451/2279/1475
f 1450/2277/1476 1445/2280/1476 1446/2281/1476 1452/2278/1476
f 1446/2271/1477 1449/2270/1477 1452/2275/1477
f 1453/2282/1478 1456/2283/1478 1458/2284/1478 1457/2285/1478
f 1456/2286/1479 1460/2287/1479 1461/2288/1479 1458/2289/1479
f 1454/2290/1480 1459/2291/1480 1461/2288/1480 1460/2287/1480
f 1459/2291/1481 1463/2292/1481 1464/2293/1481 1461/2288/1481
f 1455/2294/1482 1462/2295/1482 1464/2296/1482 1463/2297/1482
f 1462/2295/1483 1457/2298/1483 1458/2299/1483 1464/2296/1483
f 1458/2289/1484 1461/2288/1484 1464/2293/1484
f 1465/2300/1485 1468/2301/1485 1470/2302/1485 1469/2303/1485
f 1468/2301/1486 1472/2304/1486 1473/2305/1486 1470/2302/1486
f 1466/2306/1487 1471/2307/1487 1473/2308/1487 1472/2309/1487
f 1471/2307/1488 1475/2310/1488 1476/2311/1488 1473/2308/1488
f 1467/2312/1489 1474/2313/1489 1476/2314/1489 1475/2315/1489
f 1474/2316/1490 1469/2303/1490 1470/2302/1490 1476/2317/1490
f 1470/2302/1491 1473/2305/1491 1476/2317/1491
f 1477/2318/1492 1480/2319/1492 1482/2320/1492 1481/2321/1492
f 1480/2322/1493 1484/2323/1493 1485/2324/1493 1482/2325/1493
f 1478/2326/1494 1483/2327/1494 1485/2324/1494 1484/2323/1494
f 1483/2327/1495 1487/2328/1495 1488/2329/1495 1485/2324/1495
f 1479/2330/1496 1486/2331/1496 1488/2332/1496 1487/2333/1496
f 1486/2331/1497 1481/2334/1497 1482/2335/1497 1488/2332/1497
f 1482/2325/1498 1485/2324/1498 1488/2329/1498
f 1489/2336/1499 1492/2337/1499 1494/2338/1499 1493/2339/1499
f 1492/2340/1500 1496/2341/1500 1497/2342/1500 1494/2343/1500
f 1490/2344/1501 1495/2345/1501 1497/2342/1501 1496/2341/1501
f 1495/2346/1502 1499/2347/1502 1500/2348/1502 1497/2349/1502
f 1491/2350/1503 1498/2351/1503 1500/2348/1503 1499/2347/1503
f 1498/2351/1504 1493/2352/1504 1494/2353/1504 1500/2348/1504
f 1494/2353/1505 1497/2349/1505 1500/2348/1505
f 1501/2354/1506 1504/2355/1506 1506/2356/1506 1505/2357/1506
f 1504/2355/1507 1508/2358/1507 1509/2359/1507 1506/2356/1507
f 1502/2360/1508 1507/2361/1508 1509/2362/1508 1508/2363/1508
f 1507/2364/1509 1511/2365/1509 1512/2366/1509 1509/2367/1509
f 1503/2368/1510 1510/2369/1510 1512/2366/1510 1511/2365/1510
f 1510/2370/1511 1505/2357/1511 1506/2356/1511 1512/2371/1511
f 1506/2356/1512 1509/2359/1512 1512/2371/1512
f 1513/2372/1513 1516/2373/1513 1518/2374/1513 1517/2375/1513
f 1516/2373/1514 1520/2376/1514 1521/2377/1514 1518/2374/1514
f 1514/2378/1515 1519/2379/1515 1521/2380/1515 1520/2381/1515
f 1519/2310/1516 1523/2382/1516 1524/2383/1516 1521/2384/1516
f 1515/2385/1517 1522/2386/1517 1524/2383/1517 1523/2382/1517
f 1522/2387/1518 1517/2375/1518 1518/2374/1518 1524/2388/1518
f 1518/2374/1519 1521/2377/1519 1524/2388/1519
f 1525/2389/1520 1528/2390/1520 1530/2391/1520 1529/2392/1520
f 1528/2393/1521 1532/2394/1521 1533/2395/1521 1530/2396/1521
f 1526/2397/1522 1531/2398/1522 1533/2395/1522 1532/2394/1522
f 1531/2399/1523 1535/2400/1523 1536/2401/1523 1533/2402/1523
f 1527/2403/1524 1534/2404/1524 1536/2401/1524 1535/2400/1524
f 1534/2404/1525 1529/2405/1525 1530/2406/1525 1536/2401/1525
f 1530/2406/1526 1533/2402/1526 1536/2401/1526
f 1465/2300/1527 1441/2264/1527 1445/2267/1527 1468/2301/1527
f 1468/2407/1528 1445/2280/1528 1450/2277/1528 1472/2309/1528
f 1472/2309/1529 1450/2277/1529 1443/2276/1529 1466/2306/1529
f 1442/2272/1530 1453/2282/1530 1457/2285/1530 1447/2273/1530
f 1447/2408/1531 1457/2298/1531 1462/2295/1531 1451/2279/1531
f 1451/2279/1532 1462/2295/1532 1455/2294/1532 1443/2276/1532
f 1454/2290/1533 1477/2318/1533 1481/2321/1533 1459/2291/1533
f 1459/2409/1534 1481/2334/1534 1486/2331/1534 1463/2297/1534
f 1463/2297/1535 1486/2331/1535 1479/2330/1535 1455/2294/1535
f 1478/2326/1536 1467/2312/1536 1475/2315/1536 1483/2327/1536
f 1483/2410/1537 1475/2310/1537 1471/2307/1537 1487/2333/1537
f 1487/2333/1538 1471/2307/1538 1466/2306/1538 1479/2330/1538
f 1513/2372/1539 1465/2300/1539 1469/2303/1539 1516/2373/1539
f 1516/2373/1540 1469/2303/1540 1474/2316/1540 1520/2376/1540
f 1520/2381/1541 1474/2313/1541 1467/2312/1541 1514/2378/1541
f 1477/2318/1542 1525/2389/1542 1529/2392/1542 1480/2319/1542
f 1480/2322/1543 1529/2405/1543 1534/2404/1543 1484/2323/1543
f 1484/2323/1544 1534/2404/1544 1527/2403/1544 1478/2326/1544
f 1526/2397/1545 1515/2385/1545 1523/2382/1545 1531/2398/1545
f 1531/2398/1546 1523/2382/1546 1519/2310/1546 1535/2410/1546
f 1535/2400/1547 1519/2379/1547 1514/2378/1547 1527/2403/1547
f 1489/2336/1548 1513/2372/1548 1517/2375/1548 1492/2337/1548
f 1492/2340/1549 1517/2411/1549 1522/2386/1549 1496/2341/1549
f 1496/2341/1550 1522/2386/1550 1515/2385/1550 1490/2344/1550
f 1525/2389/1551 1501/2354/1551 1505/2357/1551 1528/2390/1551
f 1528/2393/1552 1505/2412/1552 1510/2369/1552 1532/2394/1552
f 1532/2394/1553 1510/2369/1553 1503/2368/1553 1526/2397/1553
f 1502/2360/1554 1491/2350/1554 1499/2347/1554 1507/2361/1554
f 1507/2364/1555 1499/2413/1555 1495/2345/1555 1511/2365/1555
f 1511/2365/1556 1495/2345/1556 1490/2344/1556 1503/2368/1556
f 1441/2264/1557 1489/2336/1557 1493/2339/1557 1444/2265/1557
f 1444/2268/1558 1493/2352/1558 1498/2351/1558 1448/2269/1558
f 1448/2269/1559 1498/2351/1559 1491/2350/1559 1442/2272/1559
f 1501/2354/1560 1454/2290/1560 1460/2287/1560 1504/2355/1560
f 1504/2355/1561 1460/2287/1561 1456/2286/1561 1508/2358/1561
f 1508/2363/1562 1456/2283/1562 1453/2282/1562 1502/2360/1562
f 1465/2300/1563 1513/2372/1563 1489/2336/1563 1441/2264/1563
f 1443/2276/1564 1455/2294/1564 1479/2330/1564 1466/2306/1564
f 1491/2350/1565 1502/2360/1565 1453/2282/1565 1442/2272/1565
f 1525/2389/1566 1477/2318/1566 1454/2290/1566 1501/2354/1566
f 1467/2312/1567 1478/2326/1567 1527/2403/1567 1514/2378/1567
f 1515/2385/1568 1526/2397/1568 1503/2368/1568 1490/2344/1568
o Back_Vertical_Slat_3
v 0.155000 2.610000 -0.780000
v 0.155000 2.635000 -0.755000
v 0.130000 2.635000 -0.780000
v 0.155000 2.613340 -0.767516
v 0.142516 2.613340 -0.780000
v 0.143045 2.616584 -0.768045
v 0.142516 2.635000 -0.758340
v 0.155000 2.622516 -0.758340
v 0.143045 2.623044 -0.761584
v 0.133340 2.622516 -0.780000
v 0.133340 2.635000 -0.767516
v 0.136584 2.623044 -0.768045
v 0.155000 4.065000 -0.755000
v 0.155000 4.090000 -0.780000
v 0.130000 4.065000 -0.780000
v 0.155000 4.077484 -0.758340
v 0.142516 4.065000 -0.758340
v 0.143045 4.076955 -0.761584
v 0.142516 4.086660 -0.780000
v 0.155000 4.086660 -0.767516
v 0.143045 4.083416 -0.768045
v 0.133340 4.065000 -0.767516
v 0.133340 4.077484 -0.780000
v 0.136584 4.076955 -0.768045
v 0.155000 2.610000 -0.860000
v 0.130000 2.635000 -0.860000
v 0.155000 2.635000 -0.885000
v 0.142516 2.613340 -0.860000
v 0.155000 2.613340 -0.872484
v 0.143045 2.616584 -0.871955
v 0.133340 2.635000 -0.872484
v 0.133340 2.622516 -0.860000
v 0.136584 2.623044 -0.871955
v 0.155000 2.622516 -0.881660
v 0.142516 2.635000 -0.881660
v 0.143045 2.623044 -0.878416
v 0.155000 4.090000 -0.860000
v 0.155000 4.065000 -0.885000
v 0.130000 4.065000 -0.860000
v 0.155000 4.086660 -0.872484
v 0.142516 4.086660 -0.860000
v 0.143045 4.083416 -0.871955
v 0.142516 4.065000 -0.881660
v 0.155000 4.077484 -0.881660
v 0.143045 4.076955 -0.878416
v 0.133340 4.077484 -0.860000
v 0.133340 4.065000 -0.872484
v 0.136584 4.076955 -0.871955
v 0.225000 2.610000 -0.780000
v 0.250000 2.635000 -0.780000
v 0.225000 2.635000 -0.755000
v 0.237484 2.613340 -0.780000
v 0.225000 2.613340 -0.767516
v 0.236955 2.616584 -0.768045
v 0.246660 2.635000 -0.767516
v 0.246660 2.622516 -0.780000
v 0.243416 2.623044 -0.768045
v 0.225000 2.622516 -0.758340
v 0.237484 2.635000 -0.758340
v 0.236955 2.623044 -0.761584
v 0.225000 4.090000 -0.780000
v 0.225000 4.065000 -0.755000
v 0.250000 4.065000 -0.780000
v 0.225000 4.086660 -0.767516
v 0.237484 4.086660 -0.780000
v 0.236955 4.083416 -0.768045
v 0.237484 4.065000 -0.758340
v 0.225000 4.077484 -0.758340
v 0.236955 4.076955 -0.761584
v 0.246660 4.077484 -0.780000
v 0.246660 4.065000 -0.767516
v 0.243416 4.076955 -0.768045
v 0.225000 2.610000 -0.860000
v 0.225000 2.635000 -0.885000
v 0.250000 2.635000 -0.860000
v 0.225000 2.613340 -0.872484
v 0.237484 2.613340 -0.860000
v 0.236955 2.616584 -0.871955
v 0.237484 2.635000 -0.881660
v 0.225000 2.622516 -0.881660
v 0.236955 2.623044 -0.878416
v 0.246660 2.622516 -0.860000
v 0.246660 2.635000 -0.872484
v 0.243416 2.623044 -0.871955
v 0.225000 4.090000 -0.860000
v 0.250000 4.065000 -0.860000
v 0.225000 4.065000 -0.885000
v 0.237484 4.086660 -0.860000
v 0.225000 4.086660 -0.872484
v 0.236955 4.083416 -0.871955
v 0.246660 4.065000 -0.872484
v 0.246660 4.077484 -0.860000
v 0.243416 4.076955 -0.871955
v 0.225000 4.077484 -0.881660
v 0.237484 4.065000 -0.881660
v 0.236955 4.076955 -0.878416
vn -0.2566 -0.9318 0.2566
vn -0.2178 -0.6901 0.6901
vn -0.2566 -0.2566 0.9318
vn -0.6901 -0.2178 0.6901
vn -0.9318 -0.2566 0.2566
vn -0.6901 -0.6901 0.2178
vn -0.5773 -0.5774 0.5774
vn -0.2566 0.2566 0.9318
vn -0.2178 0.6901 0.6901
vn -0.2566 0.9318 0.2566
vn -0.6901 0.6901 0.2178
vn -0.9318 0.2566 0.2566
vn -0.6901 0.2178 0.6901
vn -0.5773 0.5773 0.5774
vn -0.2566 -0.9318 -0.2566
vn -0.6901 -0.6901 -0.2178
vn -0.9318 -0.2566 -0.2566
vn -0.6901 -0.2178 -0.6901
vn -0.2566 -0.2566 -0.9318
vn -0.2178 -0.6901 -0.6901
vn -0.5773 -0.5774 -0.5774
vn -0.2566 0.9318 -0.2566
vn -0.2178 0.6901 -0.6901
vn -0.2566 0.2566 -0.9318
vn -0.6901 0.2178 -0.6901
vn -0.9318 0.2566 -0.2566
vn -0.6901 0.6901 -0.2178
vn -0.5773 0.5773 -0.5774
vn 0.2566 -0.9318 0.2566
vn 0.6901 -0.6901 0.2178
vn 0.9318 -0.2566 0.2566
vn 0.6901 -0.2178 0.6901
vn 0.2566 -0.2566 0.9318
vn 0.2178 -0.6901 0.6901
vn 0.5773 -0.5774 0.5774
vn 0.2566 0.9318 0.2566
vn 0.2178 0.6901 0.6901
vn 0.2566 0.2566 0.9318
vn 0.6901 0.2178 0.6901
vn 0.9318 0.2566 0.2566
vn 0.6901 0.6901 0.2178
vn 0.5773 0.5773 0.5774
vn 0.2566 -0.9318 -0.2566
vn 0.2178 -0.6901 -0.6901
vn 0.2566 -0.2566 -0.9318
vn 0.6901 -0.2178 -0.6901
vn 0.9318 -0.2566 -0.2566
vn 0.6901 -0.6901 -0.2178
vn 0.5773 -0.5774 -0.5774
vn 0.2566 0.9318 -0.2566
vn 0.6901 0.6901 -0.2178
vn 0.9318 0.2566 -0.2566
vn 0.6901 0.2178 -0.6901
vn 0.2566 0.2566 -0.9318
vn 0.2178 0.6901 -0.6901
vn 0.5773 0.5773 -0.5774
vn -0.2585 -0.9660 -0.0000
vn -0.7071 -0.7071 -0.0000
vn -0.9660 -0.2585 -0.0000
vn -0.2585 -0.0000 0.9660
vn -0.7071 -0.0000 0.7071
vn -0.9660 -0.0000 0.2585
vn -0.2585 0.9660 -0.0000
vn -0.7071 0.7071 -0.0000
vn -0.9660 0.2585 -0.0000
vn -0.2585 -0.0000 -0.9660
vn -0.7071 -0.0000 -0.7071
vn -0.9660 -0.0000 -0.2585
vn -0.0000 -0.9660 -0.2585
vn -0.0000 -0.7071 -0.7071
vn -0.0000 -0.2585 -0.9660
vn -0.0000 0.9660 -0.2585
vn -0.0000 0.7071 -0.7071
vn -0.0000 0.2585 -0.9660
vn 0.9660 -0.0000 -0.2585
vn 0.7071 -0.0000 -0.7071
vn 0.2585 -0.0000 -0.9660
vn 0.2585 -0.9660 -0.0000
vn 0.7071 -0.7071 -0.0000
vn 0.9660 -0.2585 -0.0000
vn 0.2585 0.9660 -0.0000
vn 0.7071 0.7071 -0.0000
vn 0.9660 0.2585 -0.0000
vn 0.2585 -0.0000 0.9660
vn 0.7071 -0.0000 0.7071
vn 0.9660 -0.0000 0.2585
vn -0.0000 -0.9660 0.2585
vn -0.0000 -0.7071 0.7071
vn -0.0000 -0.2585 0.9660
vn -0.0000 0.9660 0.2585
vn -0.0000 0.7071 0.7071
vn -0.0000 0.2585 0.9660
vn -0.0000 -1.0000 -0.0000
vn -1.0000 -0.0000 -0.0000
vn -0.0000 -0.0000 1.0000
vn -0.0000 1.0000 -0.0000
vn -0.0000 -0.0000 -1.0000
vn 1.0000 -0.0000 -0.0000
vt 0.389819 0.062213
vt 0.397304 0.062213
vt 0.396337 0.070328
vt 0.389177 0.070686
vt 0.229618 0.954921
vt 0.229618 0.947185
vt 0.237732 0.947464
vt 0.237732 0.952911
vt 0.229618 0.938417
vt 0.238091 0.939058
vt 0.244319 0.940821
vt 0.242117 0.948705
vt 0.014702 0.985298
vt 0.014702 0.993772
vt 0.006587 0.993413
vt 0.006228 0.985298
vt 0.014702 1.000000
vt 0.006587 0.997798
vt 0.229618 0.007485
vt 0.229618 0.000000
vt 0.237732 0.000967
vt 0.238091 0.008127
vt 0.397304 0.091616
vt 0.389568 0.091616
vt 0.389847 0.083502
vt 0.395294 0.083502
vt 0.380800 0.091616
vt 0.381441 0.083143
vt 0.383203 0.076915
vt 0.391088 0.079117
vt 0.014702 0.014702
vt 0.006228 0.014702
vt 0.006587 0.006587
vt 0.014702 0.006228
vt 0.000000 0.014702
vt 0.002202 0.006587
vt 0.337739 0.062213
vt 0.337097 0.070686
vt 0.328691 0.070328
vt 0.328970 0.062213
vt 0.335335 0.076915
vt 0.327451 0.074713
vt 0.069001 0.985298
vt 0.077474 0.985298
vt 0.077115 0.993413
vt 0.069001 0.993772
vt 0.083702 0.985298
vt 0.081500 0.993413
vt 0.259021 0.947436
vt 0.259021 0.954921
vt 0.250906 0.953955
vt 0.250548 0.946795
vt 0.321234 0.062213
vt 0.323245 0.070328
vt 0.328720 0.091616
vt 0.321234 0.091616
vt 0.322201 0.083502
vt 0.329361 0.083143
vt 0.259021 0.000000
vt 0.259021 0.007736
vt 0.250906 0.007457
vt 0.250906 0.002011
vt 0.259021 0.016505
vt 0.250548 0.015863
vt 0.244319 0.014101
vt 0.246521 0.006216
vt 0.069001 0.014702
vt 0.069001 0.006228
vt 0.077115 0.006587
vt 0.077474 0.014702
vt 0.069001 0.000000
vt 0.077115 0.002202
vt 0.389819 0.014702
vt 0.389177 0.006228
vt 0.396337 0.006587
vt 0.397304 0.014702
vt 0.152703 1.000000
vt 0.152703 0.993772
vt 0.160817 0.993413
vt 0.160817 0.997798
vt 0.152703 0.985298
vt 0.161176 0.985298
vt 0.167404 0.940821
vt 0.173633 0.939058
vt 0.173991 0.947464
vt 0.169606 0.948705
vt 0.182106 0.938417
vt 0.182106 0.947185
vt 0.182106 0.954921
vt 0.173991 0.952911
vt 0.380800 0.139128
vt 0.389568 0.139128
vt 0.389847 0.147243
vt 0.381441 0.147601
vt 0.397304 0.139128
vt 0.395294 0.147243
vt 0.182106 0.007485
vt 0.173633 0.008127
vt 0.173991 0.000967
vt 0.182106 0.000000
vt 0.167404 0.014702
vt 0.161176 0.014702
vt 0.160817 0.006587
vt 0.165202 0.006587
vt 0.152703 0.014702
vt 0.152703 0.006228
vt 0.383203 0.153830
vt 0.391088 0.151628
vt 0.337739 0.014702
vt 0.328970 0.014702
vt 0.328691 0.006587
vt 0.337097 0.006228
vt 0.321234 0.014702
vt 0.323245 0.006587
vt 0.306533 0.947436
vt 0.315006 0.946795
vt 0.314647 0.953955
vt 0.306533 0.954921
vt 0.089931 0.985298
vt 0.090289 0.993413
vt 0.085904 0.993413
vt 0.098404 0.985298
vt 0.098404 0.993772
vt 0.335335 0.000000
vt 0.327451 0.002202
vt 0.328720 0.139128
vt 0.329361 0.147601
vt 0.322201 0.147243
vt 0.321234 0.139128
vt 0.098404 0.000000
vt 0.098404 0.006228
vt 0.090289 0.006587
vt 0.090289 0.002202
vt 0.098404 0.014702
vt 0.089931 0.014702
vt 0.321234 0.014101
vt 0.315006 0.015863
vt 0.314647 0.007457
vt 0.319032 0.006216
vt 0.306533 0.016505
vt 0.306533 0.007736
vt 0.306533 0.000000
vt 0.314647 0.002011
vt 0.069001 1.000000
vt 0.000000 0.985298
vt 0.014702 0.000000
vt 0.083702 0.014702
vt 0.098404 1.000000
vt 0.152703 0.000000
vt 0.167404 0.985298
s 0
usemtl Light_Stained_Pine
f 1537/2414/1569 1540/2415/1569 1542/2416/1569 1541/2417/1569
f 1540/2418/1570 1544/2419/1570 1545/2420/1570 1542/2421/1570
f 1538/2422/1571 1543/2423/1571 1545/2420/1571 1544/2419/1571
f 1543/2423/1572 1547/2424/1572 1548/2425/1572 1545/2420/1572
f 1539/2426/1573 1546/2427/1573 1548/2428/1573 1547/2429/1573
f 1546/2427/1574 1541/2430/1574 1542/2431/1574 1548/2428/1574
f 1542/2421/1575 1545/2420/1575 1548/2425/1575
f 1549/2432/1576 1552/2433/1576 1554/2434/1576 1553/2435/1576
f 1552/2436/1577 1556/2437/1577 1557/2438/1577 1554/2439/1577
f 1550/2440/1578 1555/2441/1578 1557/2438/1578 1556/2437/1578
f 1555/2441/1579 1559/2442/1579 1560/2443/1579 1557/2438/1579
f 1551/2444/1580 1558/2445/1580 1560/2446/1580 1559/2447/1580
f 1558/2445/1581 1553/2448/1581 1554/2449/1581 1560/2446/1581
f 1554/2439/1582 1557/2438/1582 1560/2443/1582
f 1561/2450/1583 1564/2451/1583 1566/2452/1583 1565/2453/1583
f 1564/2451/1584 1568/2454/1584 1569/2455/1584 1566/2452/1584
f 1562/2456/1585 1567/2457/1585 1569/2458/1585 1568/2459/1585
f 1567/2457/1586 1571/2460/1586 1572/2461/1586 1569/2458/1586
f 1563/2462/1587 1570/2463/1587 1572/2464/1587 1571/2465/1587
f 1570/2466/1588 1565/2453/1588 1566/2452/1588 1572/2467/1588
f 1566/2452/1589 1569/2455/1589 1572/2467/1589
f 1573/2468/1590 1576/2469/1590 1578/2470/1590 1577/2471/1590
f 1576/2472/1591 1580/2473/1591 1581/2474/1591 1578/2475/1591
f 1574/2476/1592 1579/2477/1592 1581/2474/1592 1580/2473/1592
f 1579/2477/1593 1583/2478/1593 1584/2479/1593 1581/2474/1593
f 1575/2480/1594 1582/2481/1594 1584/2482/1594 1583/2483/1594
f 1582/2481/1595 1577/2484/1595 1578/2485/1595 1584/2482/1595
f 1578/2475/1596 1581/2474/1596 1584/2479/1596
f 1585/2486/1597 1588/2487/1597 1590/2488/1597 1589/2489/1597
f 1588/2490/1598 1592/2491/1598 1593/2492/1598 1590/2493/1598
f 1586/2494/1599 1591/2495/1599 1593/2492/1599 1592/2491/1599
f 1591/2496/1600 1595/2497/1600 1596/2498/1600 1593/2499/1600
f 1587/2500/1601 1594/2501/1601 1596/2498/1601 1595/2497/1601
f 1594/2501/1602 1589/2502/1602 1590/2503/1602 1596/2498/1602
f 1590/2503/1603 1593/2499/1603 1596/2498/1603
f 1597/2504/1604 1600/2505/1604 1602/2506/1604 1601/2507/1604
f 1600/2505/1605 1604/2508/1605 1605/2509/1605 1602/2506/1605
f 1598/2510/1606 1603/2511/1606 1605/2512/1606 1604/2513/1606
f 1603/2514/1607 1607/2515/1607 1608/2516/1607 1605/2517/1607
f 1599/2518/1608 1606/2519/1608 1608/2516/1608 1607/2515/1608
f 1606/2520/1609 1601/2507/1609 1602/2506/1609 1608/2521/1609
f 1602/2506/1610 1605/2509/1610 1608/2521/1610
f 1609/2522/1611 1612/2523/1611 1614/2524/1611 1613/2525/1611
f 1612/2523/1612 1616/2526/1612 1617/2527/1612 1614/2524/1612
f 1610/2528/1613 1615/2529/1613 1617/2530/1613 1616/2531/1613
f 1615/2460/1614 1619/2532/1614 1620/2533/1614 1617/2534/1614
f 1611/2535/1615 1618/2536/1615 1620/2533/1615 1619/2532/1615
f 1618/2537/1616 1613/2525/1616 1614/2524/1616 1620/2538/1616
f 1614/2524/1617 1617/2527/1617 1620/2538/1617
f 1621/2539/1618 1624/2540/1618 1626/2541/1618 1625/2542/1618
f 1624/2543/1619 1628/2544/1619 1629/2545/1619 1626/2546/1619
f 1622/2547/1620 1627/2548/1620 1629/2545/1620 1628/2544/1620
f 1627/2549/1621 1631/2550/1621 1632/2551/1621 1629/2552/1621
f 1623/2553/1622 1630/2554/1622 1632/2551/1622 1631/2550/1622
f 1630/2554/1623 1625/2555/1623 1626/2556/1623 1632/2551/1623
f 1626/2556/1624 1629/2552/1624 1632/2551/1624
f 1561/2450/1625 1537/2414/1625 1541/2417/1625 1564/2451/1625
f 1564/2557/1626 1541/2430/1626 1546/2427/1626 1568/2459/1626
f 1568/2459/1627 1546/2427/1627 1539/2426/1627 1562/2456/1627
f 1538/2422/1628 1549/2432/1628 1553/2435/1628 1543/2423/1628
f 1543/2558/1629 1553/2448/1629 1558/2445/1629 1547/2429/1629
f 1547/2429/1630 1558/2445/1630 1551/2444/1630 1539/2426/1630
f 1550/2440/1631 1573/2468/1631 1577/2471/1631 1555/2441/1631
f 1555/2559/1632 1577/2484/1632 1582/2481/1632 1559/2447/1632
f 1559/2447/1633 1582/2481/1633 1575/2480/1633 1551/2444/1633
f 1574/2476/1634 1563/2462/1634 1571/2465/1634 1579/2477/1634
f 1579/2560/1635 1571/2460/1635 1567/2457/1635 1583/2483/1635
f 1583/2483/1636 1567/2457/1636 1562/2456/1636 1575/2480/1636
f 1609/2522/1637 1561/2450/1637 1565/2453/1637 1612/2523/1637
f 1612/2523/1638 1565/2453/1638 1570/2466/1638 1616/2526/1638
f 1616/2531/1639 1570/2463/1639 1563/2462/1639 1610/2528/1639
f 1573/2468/1640 1621/2539/1640 1625/2542/1640 1576/2469/1640
f 1576/2472/1641 1625/2555/1641 1630/2554/1641 1580/2473/1641
f 1580/2473/1642 1630/2554/1642 1623/2553/1642 1574/2476/1642
f 1622/2547/1643 1611/2535/1643 1619/2532/1643 1627/2548/1643
f 1627/2548/1644 1619/2532/1644 1615/2460/1644 1631/2560/1644
f 1631/2550/1645 1615/2529/1645 1610/2528/1645 1623/2553/1645
f 1585/2486/1646 1609/2522/1646 1613/2525/1646 1588/2487/1646
f 1588/2490/1647 1613/2561/1647 1618/2536/1647 1592/2491/1647
f 1592/2491/1648 1618/2536/1648 1611/2535/1648 1586/2494/1648
f 1621/2539/1649 1597/2504/1649 1601/2507/1649 1624/2540/1649
f 1624/2543/1650 1601/2562/1650 1606/2519/1650 1628/2544/1650
f 1628/2544/1651 1606/2519/1651 1599/2518/1651 1622/2547/1651
f 1598/2510/1652 1587/2500/1652 1595/2497/1652 1603/2511/1652
f 1603/2514/1653 1595/2563/1653 1591/2495/1653 1607/2515/1653
f 1607/2515/1654 1591/2495/1654 1586/2494/1654 1599/2518/1654
f 1537/2414/1655 1585/2486/1655 1589/2489/1655 1540/2415/1655
f 1540/2418/1656 1589/2502/1656 1594/2501/1656 1544/2419/1656
f 1544/2419/1657 1594/2501/1657 1587/2500/1657 1538/2422/1657
f 1597/2504/1658 1550/2440/1658 1556/2437/1658 1600/2505/1658
f 1600/2505/1659 1556/2437/1659 1552/2436/1659 1604/2508/1659
f 1604/2513/1660 1552/2433/1660 1549/2432/1660 1598/2510/1660
f 1561/2450/1661 1609/2522/1661 1585/2486/1661 1537/2414/1661
f 1539/2426/1662 1551/2444/1662 1575/2480/1662 1562/2456/1662
f 1587/2500/1663 1598/2510/1663 1549/2432/1663 1538/2422/1663
f 1621/2539/1664 1573/2468/1664 1550/2440/1664 1597/2504/1664
f 1563/2462/1665 1574/2476/1665 1623/2553/1665 1610/2528/1665
f 1611/2535/1666 1622/2547/1666 1599/2518/1666 1586/2494/1666
o Back_Vertical_Slat_4
v 0.535000 2.610000 -0.780000
v 0.535000 2.635000 -0.755000
v 0.510000 2.635000 -0.780000
v 0.535000 2.613340 -0.767516
v 0.522516 2.613340 -0.780000
v 0.523045 2.616584 -0.768045
v 0.522516 2.635000 -0.758340
v 0.535000 2.622516 -0.758340
v 0.523045 2.623044 -0.761584
v 0.513340 2.622516 -0.780000
v 0.513340 2.635000 -0.767516
v 0.516584 2.623044 -0.768045
v 0.535000 4.065000 -0.755000
v 0.535000 4.090000 -0.780000
v 0.510000 4.065000 -0.780000
v 0.535000 4.077484 -0.758340
v 0.522516 4.065000 -0.758340
v 0.523045 4.076955 -0.761584
v 0.522516 4.086660 -0.780000
v 0.535000 4.086660 -0.767516
v 0.523045 4.083416 -0.768045
v 0.513340 4.065000 -0.767516
v 0.513340 4.077484 -0.780000
v 0.516584 4.076955 -0.768045
v 0.535000 2.610000 -0.860000
v 0.510000 2.635000 -0.860000
v 0.535000 2.635000 -0.885000
v 0.522516 2.613340 -0.860000
v 0.535000 2.613340 -0.872484
v 0.523045 2.616584 -0.871955
v 0.513340 2.635000 -0.872484
v 0.513340 2.622516 -0.860000
v 0.516584 2.623044 -0.871955
v 0.535000 2.622516 -0.881660
v 0.522516 2.635000 -0.881660
v 0.523045 2.623044 -0.878416
v 0.535000 4.090000 -0.860000
v 0.535000 4.065000 -0.885000
v 0.510000 4.065000 -0.860000
v 0.535000 4.086660 -0.872484
v 0.522516 4.086660 -0.860000
v 0.523045 4.083416 -0.871955
v 0.522516 4.065000 -0.881660
v 0.535000 4.077484 -0.881660
v 0.523045 4.076955 -0.878416
v 0.513340 4.077484 -0.860000
v 0.513340 4.065000 -0.872484
v 0.516584 4.076955 -0.871955
v 0.605000 2.610000 -0.780000
v 0.630000 2.635000 -0.780000
v 0.605000 2.635000 -0.755000
v 0.617484 2.613340 -0.780000
v 0.605000 2.613340 -0.767516
v 0.616955 2.616584 -0.768045
v 0.626660 2.635000 -0.767516
v 0.626660 2.622516 -0.780000
v 0.623416 2.623044 -0.768045
v 0.605000 2.622516 -0.758340
v 0.617484 2.635000 -0.758340
v 0.616955 2.623044 -0.761584
v 0.605000 4.090000 -0.780000
v 0.605000 4.065000 -0.755000
v 0.630000 4.065000 -0.780000
v 0.605000 4.086660 -0.767516
v 0.617484 4.086660 -0.780000
v 0.616955 4.083416 -0.768045
v 0.617484 4.065000 -0.758340
v 0.605000 4.077484 -0.758340
v 0.616955 4.076955 -0.761584
v 0.626660 4.077484 -0.780000
v 0.626660 4.065000 -0.767516
v 0.623416 4.076955 -0.768045
v 0.605000 2.610000 -0.860000
v 0.605000 2.635000 -0.885000
v 0.630000 2.635000 -0.860000
v 0.605000 2.613340 -0.872484
v 0.617484 2.613340 -0.860000
v 0.616955 2.616584 -0.871955
v 0.617484 2.635000 -0.881660
v 0.605000 2.622516 -0.881660
v 0.616955 2.623044 -0.878416
v 0.626660 2.622516 -0.860000
v 0.626660 2.635000 -0.872484
v 0.623416 2.623044 -0.871955
v 0.605000 4.090000 -0.860000
v 0.630000 4.065000 -0.860000
v 0.605000 4.065000 -0.885000
v 0.617484 4.086660 -0.860000
v 0.605000 4.086660 -0.872484
v 0.616955 4.083416 -0.871955
v 0.626660 4.065000 -0.872484
v 0.626660 4.077484 -0.860000
v 0.623416 4.076955 -0.871955
v 0.605000 4.077484 -0.881660
v 0.617484 4.065000 -0.881660
v 0.616955 4.076955 -0.878416
vn -0.2566 -0.9318 0.2566
vn -0.2178 -0.6901 0.6901
vn -0.2566 -0.2566 0.9318
vn -0.6901 -0.2178 0.6901
vn -0.9318 -0.2566 0.2566
vn -0.6901 -0.6901 0.2178
vn -0.5773 -0.5774 0.5774
vn -0.2566 0.2566 0.9318
vn -0.2178 0.6901 0.6901
vn -0.2566 0.9318 0.2566
vn -0.6901 0.6901 0.2178
vn -0.9318 0.2566 0.2566
vn -0.6901 0.2178 0.6901
vn -0.5773 0.5773 0.5774
vn -0.2566 -0.9318 -0.2566
vn -0.6901 -0.6901 -0.2178
vn -0.9318 -0.2566 -0.2566
vn -0.6901 -0.2178 -0.6901
vn -0.2566 -0.2566 -0.9318
vn -0.2178 -0.6901 -0.6901
vn -0.5773 -0.5774 -0.5774
vn -0.2566 0.9318 -0.2566
vn -0.2178 0.6901 -0.6901
vn -0.2566 0.2566 -0.9318
vn -0.6901 0.2178 -0.6901
vn -0.9318 0.2566 -0.2566
vn -0.6901 0.6901 -0.2178
vn -0.5773 0.5773 -0.5774
vn 0.2566 -0.9318 0.2566
vn 0.6901 -0.6901 0.2178
vn 0.9318 -0.2566 0.2566
vn 0.6901 -0.2178 0.6901
vn 0.2566 -0.2566 0.9318
vn 0.2178 -0.6901 0.6901
vn 0.5773 -0.5774 0.5774
vn 0.2566 0.9318 0.2566
vn 0.2178 0.6901 0.6901
vn 0.2566 0.2566 0.9318
vn 0.6901 0.2178 0.6901
vn 0.9318 0.2566 0.2566
vn 0.6901 0.6901 0.2178
vn 0.5773 0.5773 0.5774
vn 0.2566 -0.9318 -0.2566
vn 0.2178 -0.6901 -0.6901
vn 0.2566 -0.2566 -0.9318
vn 0.6901 -0.2178 -0.6901
vn 0.9318 -0.2566 -0.2566
vn 0.6901 -0.6901 -0.2178
vn 0.5773 -0.5774 -0.5774
vn 0.2566 0.9318 -0.2566
vn 0.6901 0.6901 -0.2178
vn 0.9318 0.2566 -0.2566
vn 0.6901 0.2178 -0.6901
vn 0.2566 0.2566 -0.9318
vn 0.2178 0.6901 -0.6901
vn 0.5773 0.5773 -0.5774
vn -0.2585 -0.9660 -0.0000
vn -0.7071 -0.7071 -0.0000
vn -0.9660 -0.2585 -0.0000
vn -0.2585 -0.0000 0.9660
vn -0.7071 -0.0000 0.7071
vn -0.9660 -0.0000 0.2585
vn -0.2585 0.9660 -0.0000
vn -0.7071 0.7071 -0.0000
vn -0.9660 0.2585 -0.0000
vn -0.2585 -0.0000 -0.9660
vn -0.7071 -0.0000 -0.7071
vn -0.9660 -0.0000 -0.2585
vn -0.0000 -0.9660 -0.2585
vn -0.0000 -0.7071 -0.7071
vn -0.0000 -0.2585 -0.9660
vn -0.0000 0.9660 -0.2585
vn -0.0000 0.7071 -0.7071
vn -0.0000 0.2585 -0.9660
vn 0.9660 -0.0000 -0.2585
vn 0.7071 -0.0000 -0.7071
vn 0.2585 -0.0000 -0.9660
vn 0.2585 -0.9660 -0.0000
vn 0.7071 -0.7071 -0.0000
vn 0.9660 -0.2585 -0.0000
vn 0.2585 0.9660 -0.0000
vn 0.7071 0.7071 -0.0000
vn 0.9660 0.2585 -0.0000
vn 0.2585 -0.0000 0.9660
vn 0.7071 -0.0000 0.7071
vn 0.9660 -0.0000 0.2585
vn -0.0000 -0.9660 0.2585
vn -0.0000 -0.7071 0.7071
vn -0.0000 -0.2585 0.9660
vn -0.0000 0.9660 0.2585
vn -0.0000 0.7071 0.7071
vn -0.0000 0.2585 0.9660
vn -0.0000 -1.0000 -0.0000
vn -1.0000 -0.0000 -0.0000
vn -0.0000 -0.0000 1.0000
vn -0.0000 1.0000 -0.0000
vn -0.0000 -0.0000 -1.0000
vn 1.0000 -0.0000 -0.0000
vt 0.389819 0.062213
vt 0.397304 0.062213
vt 0.396337 0.070328
vt 0.389177 0.070686
vt 0.229618 0.954921
vt 0.229618 0.947185
vt 0.237732 0.947464
vt 0.237732 0.952911
vt 0.229618 0.938417
vt 0.238091 0.939058
vt 0.244319 0.940821
vt 0.242117 0.948705
vt 0.014702 0.985298
vt 0.014702 0.993772
vt 0.006587 0.993413
vt 0.006228 0.985298
vt 0.014702 1.000000
vt 0.006587 0.997798
vt 0.229618 0.007485
vt 0.229618 0.000000
vt 0.237732 0.000967
vt 0.238091 0.008127
vt 0.397304 0.091616
vt 0.389568 0.091616
vt 0.389847 0.083502
vt 0.395294 0.083502
vt 0.380800 0.091616
vt 0.381441 0.083143
vt 0.383203 0.076915
vt 0.391088 0.079117
vt 0.014702 0.014702
vt 0.006228 0.014702
vt 0.006587 0.006587
vt 0.014702 0.006228
vt 0.000000 0.014702
vt 0.002202 0.006587
vt 0.337739 0.062213
vt 0.337097 0.070686
vt 0.328691 0.070328
vt 0.328970 0.062213
vt 0.335335 0.076915
vt 0.327451 0.074713
vt 0.069001 0.985298
vt 0.077474 0.985298
vt 0.077115 0.993413
vt 0.069001 0.993772
vt 0.083702 0.985298
vt 0.081500 0.993413
vt 0.259021 0.947436
vt 0.259021 0.954921
vt 0.250906 0.953955
vt 0.250548 0.946795
vt 0.321234 0.062213
vt 0.323245 0.070328
vt 0.328720 0.091616
vt 0.321234 0.091616
vt 0.322201 0.083502
vt 0.329361 0.083143
vt 0.259021 0.000000
vt 0.259021 0.007736
vt 0.250906 0.007457
vt 0.250906 0.002011
vt 0.259021 0.016505
vt 0.250548 0.015863
vt 0.244319 0.014101
vt 0.246521 0.006216
vt 0.069001 0.014702
vt 0.069001 0.006228
vt 0.077115 0.006587
vt 0.077474 0.014702
vt 0.069001 0.000000
vt 0.077115 0.002202
vt 0.389819 0.014702
vt 0.389177 0.006228
vt 0.396337 0.006587
vt 0.397304 0.014702
vt 0.152703 1.000000
vt 0.152703 0.993772
vt 0.160817 0.993413
vt 0.160817 0.997798
vt 0.152703 0.985298
vt 0.161176 0.985298
vt 0.167404 0.940821
vt 0.173633 0.939058
vt 0.173991 0.947464
vt 0.169606 0.948705
vt 0.182106 0.938417
vt 0.182106 0.947185
vt 0.182106 0.954921
vt 0.173991 0.952911
vt 0.380800 0.139128
vt 0.389568 0.139128
vt 0.389847 0.147243
vt 0.381441 0.147601
vt 0.397304 0.139128
vt 0.395294 0.147243
vt 0.182106 0.007485
vt 0.173633 0.008127
vt 0.173991 0.000967
vt 0.182106 0.000000
vt 0.167404 0.014702
vt 0.161176 0.014702
vt 0.160817 0.006587
vt 0.165202 0.006587
vt 0.152703 0.014702
vt 0.152703 0.006228
vt 0.383203 0.153830
vt 0.391088 0.151628
vt 0.337739 0.014702
vt 0.328970 0.014702
vt 0.328691 0.006587
vt 0.337097 0.006228
vt 0.321234 0.014702
vt 0.323245 0.006587
vt 0.306533 0.947436
vt 0.315006 0.946795
vt 0.314647 0.953955
vt 0.306533 0.954921
vt 0.089931 0.985298
vt 0.090289 0.993413
vt 0.085904 0.993413
vt 0.098404 0.985298
vt 0.098404 0.993772
vt 0.335335 0.000000
vt 0.327451 0.002202
vt 0.328720 0.139128
vt 0.329361 0.147601
vt 0.322201 0.147243
vt 0.321234 0.139128
vt 0.098404 0.000000
vt 0.098404 0.006228
vt 0.090289 0.006587
vt 0.090289 0.002202
vt 0.098404 0.014702
vt 0.089931 0.014702
vt 0.321234 0.014101
vt 0.315006 0.015863
vt 0.314647 0.007457
vt 0.319032 0.006216
vt 0.306533 0.016505
vt 0.306533 0.007736
vt 0.306533 0.000000
vt 0.314647 0.002011
vt 0.069001 1.000000
vt 0.000000 0.985298
vt 0.014702 0.000000
vt 0.083702 0.014702
vt 0.098404 1.000000
vt 0.152703 0.000000
vt 0.167404 0.985298
s 0
usemtl Light_Stained_Pine
f 1633/2564/1667 1636/2565/1667 1638/2566/1667 1637/2567/1667
f 1636/2568/1668 1640/2569/1668 1641/2570/1668 1638/2571/1668
f 1634/2572/1669 1639/2573/1669 1641/2570/1669 1640/2569/1669
f 1639/2573/1670 1643/2574/1670 1644/2575/1670 1641/2570/1670
f 1635/2576/1671 1642/2577/1671 1644/2578/1671 1643/2579/1671
f 1642/2577/1672 1637/2580/1672 1638/2581/1672 1644/2578/1672
f 1638/2571/1673 1641/2570/1673 1644/2575/1673
f 1645/2582/1674 1648/2583/1674 1650/2584/1674 1649/2585/1674
f 1648/2586/1675 1652/2587/1675 1653/2588/1675 1650/2589/1675
f 1646/2590/1676 1651/2591/1676 1653/2588/1676 1652/2587/1676
f 1651/2591/1677 1655/2592/1677 1656/2593/1677 1653/2588/1677
f 1647/2594/1678 1654/2595/1678 1656/2596/1678 1655/2597/1678
f 1654/2595/1679 1649/2598/1679 1650/2599/1679 1656/2596/1679
f 1650/2589/1680 1653/2588/1680 1656/2593/1680
f 1657/2600/1681 1660/2601/1681 1662/2602/1681 1661/2603/1681
f 1660/2601/1682 1664/2604/1682 1665/2605/1682 1662/2602/1682
f 1658/2606/1683 1663/2607/1683 1665/2608/1683 1664/2609/1683
f 1663/2607/1684 1667/2610/1684 1668/2611/1684 1665/2608/1684
f 1659/2612/1685 1666/2613/1685 1668/2614/1685 1667/2615/1685
f 1666/2616/1686 1661/2603/1686 1662/2602/1686 1668/2617/1686
f 1662/2602/1687 1665/2605/1687 1668/2617/1687
f 1669/2618/1688 1672/2619/1688 1674/2620/1688 1673/2621/1688
f 1672/2622/1689 1676/2623/1689 1677/2624/1689 1674/2625/1689
f 1670/2626/1690 1675/2627/1690 1677/2624/1690 1676/2623/1690
f 1675/2627/1691 1679/2628/1691 1680/2629/1691 1677/2624/1691
f 1671/2630/1692 1678/2631/1692 1680/2632/1692 1679/2633/1692
f 1678/2631/1693 1673/2634/1693 1674/2635/1693 1680/2632/1693
f 1674/2625/1694 1677/2624/1694 1680/2629/1694
f 1681/2636/1695 1684/2637/1695 1686/2638/1695 1685/2639/1695
f 1684/2640/1696 1688/2641/1696 1689/2642/1696 1686/2643/1696
f 1682/2644/1697 1687/2645/1697 1689/2642/1697 1688/2641/1697
f 1687/2646/1698 1691/2647/1698 1692/2648/1698 1689/2649/1698
f 1683/2650/1699 1690/2651/1699 1692/2648/1699 1691/2647/1699
f 1690/2651/1700 1685/2652/1700 1686/2653/1700 1692/2648/1700
f 1686/2653/1701 1689/2649/1701 1692/2648/1701
f 1693/2654/1702 1696/2655/1702 1698/2656/1702 1697/2657/1702
f 1696/2655/1703 1700/2658/1703 1701/2659/1703 1698/2656/1703
f 1694/2660/1704 1699/2661/1704 1701/2662/1704 1700/2663/1704
f 1699/2664/1705 1703/2665/1705 1704/2666/1705 1701/2667/1705
f 1695/2668/1706 1702/2669/1706 1704/2666/1706 1703/2665/1706
f 1702/2670/1707 1697/2657/1707 1698/2656/1707 1704/2671/1707
f 1698/2656/1708 1701/2659/1708 1704/2671/1708
f 1705/2672/1709 1708/2673/1709 1710/2674/1709 1709/2675/1709
f 1708/2673/1710 1712/2676/1710 1713/2677/1710 1710/2674/1710
f 1706/2678/1711 1711/2679/1711 1713/2680/1711 1712/2681/1711
f 1711/2610/1712 1715/2682/1712 1716/2683/1712 1713/2684/1712
f 1707/2685/1713 1714/2686/1713 1716/2683/1713 1715/2682/1713
f 1714/2687/1714 1709/2675/1714 1710/2674/1714 1716/2688/1714
f 1710/2674/1715 1713/2677/1715 1716/2688/1715
f 1717/2689/1716 1720/2690/1716 1722/2691/1716 1721/2692/1716
f 1720/2693/1717 1724/2694/1717 1725/2695/1717 1722/2696/1717
f 1718/2697/1718 1723/2698/1718 1725/2695/1718 1724/2694/1718
f 1723/2699/1719 1727/2700/1719 1728/2701/1719 1725/2702/1719
f 1719/2703/1720 1726/2704/1720 1728/2701/1720 1727/2700/1720
f 1726/2704/1721 1721/2705/1721 1722/2706/1721 1728/2701/1721
f 1722/2706/1722 1725/2702/1722 1728/2701/1722
f 1657/2600/1723 1633/2564/1723 1637/2567/1723 1660/2601/1723
f 1660/2707/1724 1637/2580/1724 1642/2577/1724 1664/2609/1724
f 1664/2609/1725 1642/2577/1725 1635/2576/1725 1658/2606/1725
f 1634/2572/1726 1645/2582/1726 1649/2585/1726 1639/2573/1726
f 1639/2708/1727 1649/2598/1727 1654/2595/1727 1643/2579/1727
f 1643/2579/1728 1654/2595/1728 1647/2594/1728 1635/2576/1728
f 1646/2590/1729 1669/2618/1729 1673/2621/1729 1651/2591/1729
f 1651/2709/1730 1673/2634/1730 1678/2631/1730 1655/2597/1730
f 1655/2597/1731 1678/2631/1731 1671/2630/1731 1647/2594/1731
f 1670/2626/1732 1659/2612/1732 1667/2615/1732 1675/2627/1732
f 1675/2710/1733 1667/2610/1733 1663/2607/1733 1679/2633/1733
f 1679/2633/1734 1663/2607/1734 1658/2606/1734 1671/2630/1734
f 1705/2672/1735 1657/2600/1735 1661/2603/1735 1708/2673/1735
f 1708/2673/1736 1661/2603/1736 1666/2616/1736 1712/2676/1736
f 1712/2681/1737 1666/2613/1737 1659/2612/1737 1706/2678/1737
f 1669/2618/1738 1717/2689/1738 1721/2692/1738 1672/2619/1738
f 1672/2622/1739 1721/2705/1739 1726/2704/1739 1676/2623/1739
f 1676/2623/1740 1726/2704/1740 1719/2703/1740 1670/2626/1740
f 1718/2697/1741 1707/2685/1741 1715/2682/1741 1723/2698/1741
f 1723/2698/1742 1715/2682/1742 1711/2610/1742 1727/2710/1742
f 1727/2700/1743 1711/2679/1743 1706/2678/1743 1719/2703/1743
f 1681/2636/1744 1705/2672/1744 1709/2675/1744 1684/2637/1744
f 1684/2640/1745 1709/2711/1745 1714/2686/1745 1688/2641/1745
f 1688/2641/1746 1714/2686/1746 1707/2685/1746 1682/2644/1746
f 1717/2689/1747 1693/2654/1747 1697/2657/1747 1720/2690/1747
f 1720/2693/1748 1697/2712/1748 1702/2669/1748 1724/2694/1748
f 1724/2694/1749 1702/2669/1749 1695/2668/1749 1718/2697/1749
f 1694/2660/1750 1683/2650/1750 1691/2647/1750 1699/2661/1750
f 1699/2664/1751 1691/2713/1751 1687/2645/1751 1703/2665/1751
f 1703/2665/1752 1687/2645/1752 1682/2644/1752 1695/2668/1752
f 1633/2564/1753 1681/2636/1753 1685/2639/1753 1636/2565/1753
f 1636/2568/1754 1685/2652/1754 1690/2651/1754 1640/2569/1754
f 1640/2569/1755 1690/2651/1755 1683/2650/1755 1634/2572/1755
f 1693/2654/1756 1646/2590/1756 1652/2587/1756 1696/2655/1756
f 1696/2655/1757 1652/2587/1757 1648/2586/1757 1700/2658/1757
f 1700/2663/1758 1648/2583/1758 1645/2582/1758 1694/2660/1758
f 1657/2600/1759 1705/2672/1759 1681/2636/1759 1633/2564/1759
f 1635/2576/1760 1647/2594/1760 1671/2630/1760 1658/2606/1760
f 1683/2650/1761 1694/2660/1761 1645/2582/1761 1634/2572/1761
f 1717/2689/1762 1669/2618/1762 1646/2590/1762 1693/2654/1762
f 1659/2612/1763 1670/2626/1763 1719/2703/1763 1706/2678/1763
f 1707/2685/1764 1718/2697/1764 1695/2668/1764 1682/2644/1764
o Left_Side_Stretcher
v -0.970000 0.645000 0.715000
v -0.970000 0.670000 0.740000
v -0.995000 0.670000 0.715000
v -0.970000 0.648340 0.727484
v -0.982484 0.648340 0.715000
v -0.981955 0.651584 0.726955
v -0.982484 0.670000 0.736660
v -0.970000 0.657516 0.736660
v -0.981955 0.658045 0.733416
v -0.991660 0.657516 0.715000
v -0.991660 0.670000 0.727484
v -0.988416 0.658045 0.726955
v -0.970000 0.770000 0.740000
v -0.970000 0.795000 0.715000
v -0.995000 0.770000 0.715000
v -0.970000 0.782484 0.736660
v -0.982484 0.770000 0.736660
v -0.981955 0.781955 0.733416
v -0.982484 0.791660 0.715000
v -0.970000 0.791660 0.727484
v -0.981955 0.788416 0.726955
v -0.991660 0.770000 0.727484
v -0.991660 0.782484 0.715000
v -0.988416 0.781955 0.726955
v -0.970000 0.645000 -0.715000
v -0.995000 0.670000 -0.715000
v -0.970000 0.670000 -0.740000
v -0.982484 0.648340 -0.715000
v -0.970000 0.648340 -0.727484
v -0.981955 0.651584 -0.726955
v -0.991660 0.670000 -0.727484
v -0.991660 0.657516 -0.715000
v -0.988416 0.658045 -0.726955
v -0.970000 0.657516 -0.736660
v -0.982484 0.670000 -0.736660
v -0.981955 0.658045 -0.733416
v -0.970000 0.795000 -0.715000
v -0.970000 0.770000 -0.740000
v -0.995000 0.770000 -0.715000
v -0.970000 0.791660 -0.727484
v -0.982484 0.791660 -0.715000
v -0.981955 0.788416 -0.726955
v -0.982484 0.770000 -0.736660
v -0.970000 0.782484 -0.736660
v -0.981955 0.781955 -0.733416
v -0.991660 0.782484 -0.715000
v -0.991660 0.770000 -0.727484
v -0.988416 0.781955 -0.726955
v -0.890000 0.645000 0.715000
v -0.865000 0.670000 0.715000
v -0.890000 0.670000 0.740000
v -0.877516 0.648340 0.715000
v -0.890000 0.648340 0.727484
v -0.878045 0.651584 0.726955
v -0.868340 0.670000 0.727484
v -0.868340 0.657516 0.715000
v -0.871584 0.658045 0.726955
v -0.890000 0.657516 0.736660
v -0.877516 0.670000 0.736660
v -0.878045 0.658045 0.733416
v -0.890000 0.795000 0.715000
v -0.890000 0.770000 0.740000
v -0.865000 0.770000 0.715000
v -0.890000 0.791660 0.727484
v -0.877516 0.791660 0.715000
v -0.878045 0.788416 0.726955
v -0.877516 0.770000 0.736660
v -0.890000 0.782484 0.736660
v -0.878045 0.781955 0.733416
v -0.868340 0.782484 0.715000
v -0.868340 0.770000 0.727484
v -0.871584 0.781955 0.726955
v -0.890000 0.645000 -0.715000
v -0.890000 0.670000 -0.740000
v -0.865000 0.670000 -0.715000
v -0.890000 0.648340 -0.727484
v -0.877516 0.648340 -0.715000
v -0.878045 0.651584 -0.726955
v -0.877516 0.670000 -0.736660
v -0.890000 0.657516 -0.736660
v -0.878045 0.658045 -0.733416
v -0.868340 0.657516 -0.715000
v -0.868340 0.670000 -0.727484
v -0.871584 0.658045 -0.726955
v -0.890000 0.795000 -0.715000
v -0.865000 0.770000 -0.715000
v -0.890000 0.770000 -0.740000
v -0.877516 0.791660 -0.715000
v -0.890000 0.791660 -0.727484
v -0.878045 0.788416 -0.726955
v -0.868340 0.770000 -0.727484
v -0.868340 0.782484 -0.715000
v -0.871584 0.781955 -0.726955
v -0.890000 0.782484 -0.736660
v -0.877516 0.770000 -0.736660
v -0.878045 0.781955 -0.733416
vn -0.2566 -0.9318 0.2566
vn -0.2178 -0.6901 0.6901
vn -0.2566 -0.2566 0.9318
vn -0.6901 -0.2178 0.6901
vn -0.9318 -0.2566 0.2566
vn -0.6901 -0.6901 0.2178
vn -0.5774 -0.5773 0.5773
vn -0.2566 0.2566 0.9318
vn -0.2178 0.6901 0.6901
vn -0.2566 0.9318 0.2566
vn -0.6901 0.6901 0.2178
vn -0.9318 0.2566 0.2566
vn -0.6901 0.2178 0.6901
vn -0.5774 0.5773 0.5774
vn -0.2566 -0.9318 -0.2566
vn -0.6901 -0.6901 -0.2178
vn -0.9318 -0.2566 -0.2566
vn -0.6901 -0.2178 -0.6901
vn -0.2566 -0.2566 -0.9318
vn -0.2178 -0.6901 -0.6901
vn -0.5774 -0.5773 -0.5774
vn -0.2566 0.9318 -0.2566
vn -0.2178 0.6901 -0.6901
vn -0.2566 0.2566 -0.9318
vn -0.6901 0.2178 -0.6901
vn -0.9318 0.2566 -0.2566
vn -0.6901 0.6901 -0.2178
vn -0.5774 0.5773 -0.5774
vn 0.2566 -0.9318 0.2566
vn 0.6901 -0.6901 0.2178
vn 0.9318 -0.2566 0.2566
vn 0.6901 -0.2178 0.6901
vn 0.2566 -0.2566 0.9318
vn 0.2178 -0.6901 0.6901
vn 0.5774 -0.5773 0.5773
vn 0.2566 0.9318 0.2566
vn 0.2178 0.6901 0.6901
vn 0.2566 0.2566 0.9318
vn 0.6901 0.2178 0.6901
vn 0.9318 0.2566 0.2566
vn 0.6901 0.6901 0.2178
vn 0.5774 0.5773 0.5773
vn 0.2566 -0.9318 -0.2566
vn 0.2178 -0.6901 -0.6901
vn 0.2566 -0.2566 -0.9318
vn 0.6901 -0.2178 -0.6901
vn 0.9318 -0.2566 -0.2566
vn 0.6901 -0.6901 -0.2178
vn 0.5774 -0.5773 -0.5774
vn 0.2566 0.9318 -0.2566
vn 0.6901 0.6901 -0.2178
vn 0.9318 0.2566 -0.2566
vn 0.6901 0.2178 -0.6901
vn 0.2566 0.2566 -0.9318
vn 0.2178 0.6901 -0.6901
vn 0.5774 0.5773 -0.5774
vn -0.2585 -0.9660 -0.0000
vn -0.7071 -0.7071 -0.0000
vn -0.9660 -0.2585 -0.0000
vn -0.2585 -0.0000 0.9660
vn -0.7071 -0.0000 0.7071
vn -0.9660 -0.0000 0.2585
vn -0.2585 0.9660 -0.0000
vn -0.7071 0.7071 -0.0000
vn -0.9660 0.2585 -0.0000
vn -0.2585 -0.0000 -0.9660
vn -0.7071 -0.0000 -0.7071
vn -0.9660 -0.0000 -0.2585
vn -0.0000 -0.9660 -0.2585
vn -0.0000 -0.7071 -0.7071
vn -0.0000 -0.2585 -0.9660
vn -0.0000 0.9660 -0.2585
vn -0.0000 0.7071 -0.7071
vn -0.0000 0.2585 -0.9660
vn 0.9660 -0.0000 -0.2585
vn 0.7071 -0.0000 -0.7071
vn 0.2585 -0.0000 -0.9660
vn 0.2585 -0.9660 -0.0000
vn 0.7071 -0.7071 -0.0000
vn 0.9660 -0.2585 -0.0000
vn 0.2585 0.9660 -0.0000
vn 0.7071 0.7071 -0.0000
vn 0.9660 0.2585 -0.0000
vn 0.2585 -0.0000 0.9660
vn 0.7071 -0.0000 0.7071
vn 0.9660 -0.0000 0.2585
vn -0.0000 -0.9660 0.2585
vn -0.0000 -0.7071 0.7071
vn -0.0000 -0.2585 0.9660
vn -0.0000 0.9660 0.2585
vn -0.0000 0.7071 0.7071
vn -0.0000 0.2585 0.9660
vn -0.0000 -1.0000 -0.0000
vn -1.0000 -0.0000 -0.0000
vn -0.0000 -0.0000 1.0000
vn -0.0000 1.0000 -0.0000
vn -0.0000 -0.0000 -1.0000
vn 1.0000 -0.0000 -0.0000
vt 0.209256 0.947436
vt 0.209256 0.954922
vt 0.201141 0.953955
vt 0.200783 0.946795
vt 0.430959 0.089090
vt 0.430959 0.081354
vt 0.439074 0.081633
vt 0.439074 0.087080
vt 0.430959 0.072586
vt 0.439432 0.073227
vt 0.445661 0.074989
vt 0.443459 0.082874
vt 0.082575 0.985298
vt 0.091049 0.985298
vt 0.090690 0.993413
vt 0.082575 0.993772
vt 0.097277 0.985298
vt 0.095075 0.993413
vt 0.430959 0.007485
vt 0.430959 0.000000
vt 0.439074 0.000967
vt 0.439432 0.008127
vt 0.347257 0.954922
vt 0.347257 0.947185
vt 0.355372 0.947464
vt 0.355372 0.952911
vt 0.347257 0.938417
vt 0.355730 0.939058
vt 0.361959 0.940821
vt 0.359757 0.948705
vt 0.014702 0.985298
vt 0.014702 0.993772
vt 0.006587 0.993413
vt 0.006228 0.985298
vt 0.014702 1.000000
vt 0.006587 0.997798
vt 0.209256 0.016505
vt 0.200783 0.015863
vt 0.201141 0.007457
vt 0.209256 0.007736
vt 0.194554 0.014101
vt 0.196756 0.006216
vt 0.082576 0.014702
vt 0.082576 0.006228
vt 0.090690 0.006587
vt 0.091049 0.014702
vt 0.082576 0.000000
vt 0.090690 0.002202
vt 0.376660 0.170695
vt 0.376660 0.178180
vt 0.368546 0.177213
vt 0.368187 0.170053
vt 0.209256 0.000000
vt 0.201141 0.002011
vt 0.347257 0.007485
vt 0.347257 0.000000
vt 0.355372 0.000967
vt 0.355730 0.008127
vt 0.376660 0.089090
vt 0.376660 0.096826
vt 0.368546 0.096547
vt 0.368546 0.091101
vt 0.376660 0.105595
vt 0.368187 0.104953
vt 0.361959 0.103191
vt 0.364161 0.095306
vt 0.014702 0.014702
vt 0.006229 0.014702
vt 0.006587 0.006587
vt 0.014702 0.006228
vt 0.000000 0.014702
vt 0.002202 0.006587
vt 0.263555 0.947436
vt 0.272028 0.946795
vt 0.271669 0.953955
vt 0.263555 0.954922
vt 0.194554 0.014702
vt 0.188326 0.014702
vt 0.187967 0.006587
vt 0.192352 0.006587
vt 0.179853 0.014702
vt 0.179853 0.006228
vt 0.361959 0.074989
vt 0.368187 0.073227
vt 0.368546 0.081633
vt 0.364161 0.082874
vt 0.376660 0.072586
vt 0.376660 0.081354
vt 0.368546 0.087080
vt 0.292958 0.938417
vt 0.292958 0.947185
vt 0.284843 0.947464
vt 0.284485 0.939058
vt 0.292958 0.954922
vt 0.284843 0.952911
vt 0.376660 0.007485
vt 0.368187 0.008127
vt 0.368546 0.000967
vt 0.376660 0.000000
vt 0.111979 0.000000
vt 0.111979 0.006228
vt 0.103864 0.006587
vt 0.103864 0.002202
vt 0.111979 0.014702
vt 0.103506 0.014702
vt 0.278256 0.940821
vt 0.280458 0.948705
vt 0.263555 0.016505
vt 0.263555 0.007736
vt 0.271669 0.007457
vt 0.272028 0.015863
vt 0.263555 0.000000
vt 0.271669 0.002011
vt 0.430959 0.170695
vt 0.439432 0.170053
vt 0.439074 0.177213
vt 0.430959 0.178180
vt 0.179853 1.000000
vt 0.179853 0.993772
vt 0.187967 0.993413
vt 0.187967 0.997798
vt 0.179853 0.985298
vt 0.188326 0.985298
vt 0.278256 0.014101
vt 0.276054 0.006216
vt 0.292958 0.007485
vt 0.284485 0.008127
vt 0.284844 0.000967
vt 0.292958 0.000000
vt 0.097277 0.985298
vt 0.103506 0.985298
vt 0.103864 0.993413
vt 0.099479 0.993413
vt 0.111979 0.985298
vt 0.111979 0.993772
vt 0.445661 0.103191
vt 0.439432 0.104953
vt 0.439074 0.096547
vt 0.443459 0.095306
vt 0.430959 0.105595
vt 0.430959 0.096826
vt 0.439074 0.091101
vt 0.097277 0.014702
vt 0.082575 1.000000
vt -0.000000 0.985298
vt 0.014702 0.000000
vt 0.111979 1.000000
vt 0.194554 0.985298
vt 0.097277 0.014702
vt 0.179853 0.000000
s 0
usemtl Light_Stained_Pine
f 1729/2714/1765 1732/2715/1765 1734/2716/1765 1733/2717/1765
f 1732/2718/1766 1736/2719/1766 1737/2720/1766 1734/2721/1766
f 1730/2722/1767 1735/2723/1767 1737/2720/1767 1736/2719/1767
f 1735/2723/1768 1739/2724/1768 1740/2725/1768 1737/2720/1768
f 1731/2726/1769 1738/2727/1769 1740/2728/1769 1739/2729/1769
f 1738/2727/1770 1733/2730/1770 1734/2731/1770 1740/2728/1770
f 1734/2721/1771 1737/2720/1771 1740/2725/1771
f 1741/2732/1772 1744/2733/1772 1746/2734/1772 1745/2735/1772
f 1744/2736/1773 1748/2737/1773 1749/2738/1773 1746/2739/1773
f 1742/2740/1774 1747/2741/1774 1749/2738/1774 1748/2737/1774
f 1747/2741/1775 1751/2742/1775 1752/2743/1775 1749/2738/1775
f 1743/2744/1776 1750/2745/1776 1752/2746/1776 1751/2747/1776
f 1750/2745/1777 1745/2748/1777 1746/2749/1777 1752/2746/1777
f 1746/2739/1778 1749/2738/1778 1752/2743/1778
f 1753/2750/1779 1756/2751/1779 1758/2752/1779 1757/2753/1779
f 1756/2751/1780 1760/2754/1780 1761/2755/1780 1758/2752/1780
f 1754/2756/1781 1759/2757/1781 1761/2758/1781 1760/2759/1781
f 1759/2757/1782 1763/2760/1782 1764/2761/1782 1761/2758/1782
f 1755/2762/1783 1762/2763/1783 1764/2764/1783 1763/2765/1783
f 1762/2766/1784 1757/2753/1784 1758/2752/1784 1764/2767/1784
f 1758/2752/1785 1761/2755/1785 1764/2767/1785
f 1765/2768/1786 1768/2769/1786 1770/2770/1786 1769/2771/1786
f 1768/2772/1787 1772/2773/1787 1773/2774/1787 1770/2775/1787
f 1766/2776/1788 1771/2777/1788 1773/2774/1788 1772/2773/1788
f 1771/2777/1789 1775/2778/1789 1776/2779/1789 1773/2774/1789
f 1767/2780/1790 1774/2781/1790 1776/2782/1790 1775/2783/1790
f 1774/2781/1791 1769/2784/1791 1770/2785/1791 1776/2782/1791
f 1770/2775/1792 1773/2774/1792 1776/2779/1792
f 1777/2786/1793 1780/2787/1793 1782/2788/1793 1781/2789/1793
f 1780/2790/1794 1784/2791/1794 1785/2792/1794 1782/2793/1794
f 1778/2794/1795 1783/2795/1795 1785/2792/1795 1784/2791/1795
f 1783/2796/1796 1787/2797/1796 1788/2798/1796 1785/2799/1796
f 1779/2800/1797 1786/2801/1797 1788/2798/1797 1787/2797/1797
f 1786/2801/1798 1781/2772/1798 1782/2802/1798 1788/2798/1798
f 1782/2802/1799 1785/2799/1799 1788/2798/1799
f 1789/2803/1800 1792/2804/1800 1794/2805/1800 1793/2806/1800
f 1792/2804/1801 1796/2807/1801 1797/2808/1801 1794/2805/1801
f 1790/2809/1802 1795/2810/1802 1797/2811/1802 1796/2812/1802
f 1795/2813/1803 1799/2814/1803 1800/2815/1803 1797/2816/1803
f 1791/2817/1804 1798/2818/1804 1800/2815/1804 1799/2814/1804
f 1798/2819/1805 1793/2806/1805 1794/2805/1805 1800/2820/1805
f 1794/2805/1806 1797/2808/1806 1800/2820/1806
f 1801/2821/1807 1804/2822/1807 1806/2823/1807 1805/2824/1807
f 1804/2822/1808 1808/2825/1808 1809/2826/1808 1806/2823/1808
f 1802/2827/1809 1807/2828/1809 1809/2829/1809 1808/2830/1809
f 1807/2831/1810 1811/2832/1810 1812/2833/1810 1809/2834/1810
f 1803/2835/1811 1810/2836/1811 1812/2833/1811 1811/2832/1811
f 1810/2837/1812 1805/2824/1812 1806/2823/1812 1812/2838/1812
f 1806/2823/1813 1809/2826/1813 1812/2838/1813
f 1813/2839/1814 1816/2840/1814 1818/2841/1814 1817/2842/1814
f 1816/2843/1815 1820/2844/1815 1821/2845/1815 1818/2846/1815
f 1814/2847/1816 1819/2848/1816 1821/2845/1816 1820/2844/1816
f 1819/2849/1817 1823/2850/1817 1824/2851/1817 1821/2852/1817
f 1815/2853/1818 1822/2854/1818 1824/2851/1818 1823/2850/1818
f 1822/2854/1819 1817/2718/1819 1818/2855/1819 1824/2851/1819
f 1818/2855/1820 1821/2852/1820 1824/2851/1820
f 1753/2750/1821 1729/2714/1821 1733/2717/1821 1756/2751/1821
f 1756/2856/1822 1733/2730/1822 1738/2727/1822 1760/2759/1822
f 1760/2759/1823 1738/2727/1823 1731/2726/1823 1754/2756/1823
f 1730/2722/1824 1741/2732/1824 1745/2735/1824 1735/2723/1824
f 1735/2857/1825 1745/2748/1825 1750/2745/1825 1739/2729/1825
f 1739/2729/1826 1750/2745/1826 1743/2744/1826 1731/2726/1826
f 1742/2740/1827 1765/2768/1827 1769/2771/1827 1747/2741/1827
f 1747/2858/1828 1769/2784/1828 1774/2781/1828 1751/2747/1828
f 1751/2747/1829 1774/2781/1829 1767/2780/1829 1743/2744/1829
f 1766/2776/1830 1755/2762/1830 1763/2765/1830 1771/2777/1830
f 1771/2859/1831 1763/2760/1831 1759/2757/1831 1775/2783/1831
f 1775/2783/1832 1759/2757/1832 1754/2756/1832 1767/2780/1832
f 1801/2821/1833 1753/2750/1833 1757/2753/1833 1804/2822/1833
f 1804/2822/1834 1757/2753/1834 1762/2766/1834 1808/2825/1834
f 1808/2830/1835 1762/2763/1835 1755/2762/1835 1802/2827/1835
f 1765/2768/1836 1813/2839/1836 1817/2842/1836 1768/2769/1836
f 1768/2772/1837 1817/2718/1837 1822/2854/1837 1772/2773/1837
f 1772/2773/1838 1822/2854/1838 1815/2853/1838 1766/2776/1838
f 1814/2847/1839 1803/2835/1839 1811/2832/1839 1819/2848/1839
f 1819/2848/1840 1811/2832/1840 1807/2831/1840 1823/2860/1840
f 1823/2850/1841 1807/2828/1841 1802/2827/1841 1815/2853/1841
f 1777/2786/1842 1801/2821/1842 1805/2824/1842 1780/2787/1842
f 1780/2790/1843 1805/2861/1843 1810/2836/1843 1784/2791/1843
f 1784/2791/1844 1810/2836/1844 1803/2835/1844 1778/2794/1844
f 1813/2839/1845 1789/2803/1845 1793/2806/1845 1816/2840/1845
f 1816/2843/1846 1793/2862/1846 1798/2818/1846 1820/2844/1846
f 1820/2844/1847 1798/2818/1847 1791/2817/1847 1814/2847/1847
f 1790/2809/1848 1779/2800/1848 1787/2797/1848 1795/2810/1848
f 1795/2813/1849 1787/2863/1849 1783/2795/1849 1799/2814/1849
f 1799/2814/1850 1783/2795/1850 1778/2794/1850 1791/2817/1850
f 1729/2714/1851 1777/2786/1851 1781/2789/1851 1732/2715/1851
f 1732/2718/1852 1781/2772/1852 1786/2801/1852 1736/2719/1852
f 1736/2719/1853 1786/2801/1853 1779/2800/1853 1730/2722/1853
f 1789/2803/1854 1742/2740/1854 1748/2737/1854 1792/2804/1854
f 1792/2804/1855 1748/2737/1855 1744/2736/1855 1796/2807/1855
f 1796/2812/1856 1744/2733/1856 1741/2732/1856 1790/2809/1856
f 1753/2750/1857 1801/2821/1857 1777/2786/1857 1729/2714/1857
f 1731/2726/1858 1743/2744/1858 1767/2780/1858 1754/2756/1858
f 1779/2800/1859 1790/2809/1859 1741/2732/1859 1730/2722/1859
f 1813/2839/1860 1765/2768/1860 1742/2740/1860 1789/2803/1860
f 1755/2762/1861 1766/2776/1861 1815/2853/1861 1802/2827/1861
f 1803/2835/1862 1814/2847/1862 1791/2817/1862 1778/2794/1862
o Right_Side_Stretcher
v 0.890000 0.645000 0.715000
v 0.890000 0.670000 0.740000
v 0.865000 0.670000 0.715000
v 0.890000 0.648340 0.727484
v 0.877516 0.648340 0.715000
v 0.878045 0.651584 0.726955
v 0.877516 0.670000 0.736660
v 0.890000 0.657516 0.736660
v 0.878045 0.658045 0.733416
v 0.868340 0.657516 0.715000
v 0.868340 0.670000 0.727484
v 0.871584 0.658045 0.726955
v 0.890000 0.770000 0.740000
v 0.890000 0.795000 0.715000
v 0.865000 0.770000 0.715000
v 0.890000 0.782484 0.736660
v 0.877516 0.770000 0.736660
v 0.878045 0.781955 0.733416
v 0.877516 0.791660 0.715000
v 0.890000 0.791660 0.727484
v 0.878045 0.788416 0.726955
v 0.868340 0.770000 0.727484
v 0.868340 0.782484 0.715000
v 0.871584 0.781955 0.726955
v 0.890000 0.645000 -0.715000
v 0.865000 0.670000 -0.715000
v 0.890000 0.670000 -0.740000
v 0.877516 0.648340 -0.715000
v 0.890000 0.648340 -0.727484
v 0.878045 0.651584 -0.726955
v 0.868340 0.670000 -0.727484
v 0.868340 0.657516 -0.715000
v 0.871584 0.658045 -0.726955
v 0.890000 0.657516 -0.736660
v 0.877516 0.670000 -0.736660
v 0.878045 0.658045 -0.733416
v 0.890000 0.795000 -0.715000
v 0.890000 0.770000 -0.740000
v 0.865000 0.770000 -0.715000
v 0.890000 0.791660 -0.727484
v 0.877516 0.791660 -0.715000
v 0.878045 0.788416 -0.726955
v 0.877516 0.770000 -0.736660
v 0.890000 0.782484 -0.736660
v 0.878045 0.781955 -0.733416
v 0.868340 0.782484 -0.715000
v 0.868340 0.770000 -0.727484
v 0.871584 0.781955 -0.726955
v 0.970000 0.645000 0.715000
v 0.995000 0.670000 0.715000
v 0.970000 0.670000 0.740000
v 0.982484 0.648340 0.715000
v 0.970000 0.648340 0.727484
v 0.981955 0.651584 0.726955
v 0.991660 0.670000 0.727484
v 0.991660 0.657516 0.715000
v 0.988416 0.658045 0.726955
v 0.970000 0.657516 0.736660
v 0.982484 0.670000 0.736660
v 0.981955 0.658045 0.733416
v 0.970000 0.795000 0.715000
v 0.970000 0.770000 0.740000
v 0.995000 0.770000 0.715000
v 0.970000 0.791660 0.727484
v 0.982484 0.791660 0.715000
v 0.981955 0.788416 0.726955
v 0.982484 0.770000 0.736660
v 0.970000 0.782484 0.736660
v 0.981955 0.781955 0.733416
v 0.991660 0.782484 0.715000
v 0.991660 0.770000 0.727484
v 0.988416 0.781955 0.726955
v 0.970000 0.645000 -0.715000
v 0.970000 0.670000 -0.740000
v 0.995000 0.670000 -0.715000
v 0.970000 0.648340 -0.727484
v 0.982484 0.648340 -0.715000
v 0.981955 0.651584 -0.726955
v 0.982484 0.670000 -0.736660
v 0.970000 0.657516 -0.736660
v 0.981955 0.658045 -0.733416
v 0.991660 0.657516 -0.715000
v 0.991660 0.670000 -0.727484
v 0.988416 0.658045 -0.726955
v 0.970000 0.795000 -0.715000
v 0.995000 0.770000 -0.715000
v 0.970000 0.770000 -0.740000
v 0.982484 0.791660 -0.715000
v 0.970000 0.791660 -0.727484
v 0.981955 0.788416 -0.726955
v 0.991660 0.770000 -0.727484
v 0.991660 0.782484 -0.715000
v 0.988416 0.781955 -0.726955
v 0.970000 0.782484 -0.736660
v 0.982484 0.770000 -0.736660
v 0.981955 0.781955 -0.733416
vn -0.2566 -0.9318 0.2566
vn -0.2178 -0.6901 0.6901
vn -0.2566 -0.2566 0.9318
vn -0.6901 -0.2178 0.6901
vn -0.9318 -0.2566 0.2566
vn -0.6901 -0.6901 0.2178
vn -0.5774 -0.5773 0.5773
vn -0.2566 0.2566 0.9318
vn -0.2178 0.6901 0.6901
vn -0.2566 0.9318 0.2566
vn -0.6901 0.6901 0.2178
vn -0.9318 0.2566 0.2566
vn -0.6901 0.2178 0.6901
vn -0.5774 0.5773 0.5774
vn -0.2566 -0.9318 -0.2566
vn -0.6901 -0.6901 -0.2178
vn -0.9318 -0.2566 -0.2566
vn -0.6901 -0.2178 -0.6901
vn -0.2566 -0.2566 -0.9318
vn -0.2178 -0.6901 -0.6901
vn -0.5774 -0.5773 -0.5774
vn -0.2566 0.9318 -0.2566
vn -0.2178 0.6901 -0.6901
vn -0.2566 0.2566 -0.9318
vn -0.6901 0.2178 -0.6901
vn -0.9318 0.2566 -0.2566
vn -0.6901 0.6901 -0.2178
vn -0.5774 0.5773 -0.5774
vn 0.2566 -0.9318 0.2566
vn 0.6901 -0.6901 0.2178
vn 0.9318 -0.2566 0.2566
vn 0.6901 -0.2178 0.6901
vn 0.2566 -0.2566 0.9318
vn 0.2178 -0.6901 0.6901
vn 0.5774 -0.5773 0.5773
vn 0.2566 0.9318 0.2566
vn 0.2178 0.6901 0.6901
vn 0.2566 0.2566 0.9318
vn 0.6901 0.2178 0.6901
vn 0.9318 0.2566 0.2566
vn 0.6901 0.6901 0.2178
vn 0.5774 0.5773 0.5773
vn 0.2566 -0.9318 -0.2566
vn 0.2178 -0.6901 -0.6901
vn 0.2566 -0.2566 -0.9318
vn 0.6901 -0.2178 -0.6901
vn 0.9318 -0.2566 -0.2566
vn 0.6901 -0.6901 -0.2178
vn 0.5774 -0.5773 -0.5774
vn 0.2566 0.9318 -0.2566
vn 0.6901 0.6901 -0.2178
vn 0.9318 0.2566 -0.2566
vn 0.6901 0.2178 -0.6901
vn 0.2566 0.2566 -0.9318
vn 0.2178 0.6901 -0.6901
vn 0.5774 0.5773 -0.5774
vn -0.2585 -0.9660 -0.0000
vn -0.7071 -0.7071 -0.0000
vn -0.9660 -0.2585 -0.0000
vn -0.2585 -0.0000 0.9660
vn -0.7071 -0.0000 0.7071
vn -0.9660 -0.0000 0.2585
vn -0.2585 0.9660 -0.0000
vn -0.7071 0.7071 -0.0000
vn -0.9660 0.2585 -0.0000
vn -0.2585 -0.0000 -0.9660
vn -0.7071 -0.0000 -0.7071
vn -0.9660 -0.0000 -0.2585
vn -0.0000 -0.9660 -0.2585
vn -0.0000 -0.7071 -0.7071
vn -0.0000 -0.2585 -0.9660
vn -0.0000 0.9660 -0.2585
vn -0.0000 0.7071 -0.7071
vn -0.0000 0.2585 -0.9660
vn 0.9660 -0.0000 -0.2585
vn 0.7071 -0.0000 -0.7071
vn 0.2585 -0.0000 -0.9660
vn 0.2585 -0.9660 -0.0000
vn 0.7071 -0.7071 -0.0000
vn 0.9660 -0.2585 -0.0000
vn 0.2585 0.9660 -0.0000
vn 0.7071 0.7071 -0.0000
vn 0.9660 0.2585 -0.0000
vn 0.2585 -0.0000 0.9660
vn 0.7071 -0.0000 0.7071
vn 0.9660 -0.0000 0.2585
vn -0.0000 -0.9660 0.2585
vn -0.0000 -0.7071 0.7071
vn -0.0000 -0.2585 0.9660
vn -0.0000 0.9660 0.2585
vn -0.0000 0.7071 0.7071
vn -0.0000 0.2585 0.9660
vn -0.0000 -1.0000 -0.0000
vn -1.0000 -0.0000 -0.0000
vn -0.0000 -0.0000 1.0000
vn -0.0000 1.0000 -0.0000
vn -0.0000 -0.0000 -1.0000
vn 1.0000 -0.0000 -0.0000
vt 0.209256 0.947436
vt 0.209256 0.954922
vt 0.201141 0.953955
vt 0.200783 0.946795
vt 0.430959 0.089090
vt 0.430959 0.081354
vt 0.439074 0.081633
vt 0.439074 0.087080
vt 0.430959 0.072586
vt 0.439432 0.073227
vt 0.445661 0.074989
vt 0.443459 0.082874
vt 0.082575 0.985298
vt 0.091049 0.985298
vt 0.090690 0.993413
vt 0.082575 0.993772
vt 0.097277 0.985298
vt 0.095075 0.993413
vt 0.430959 0.007485
vt 0.430959 0.000000
vt 0.439074 0.000967
vt 0.439432 0.008127
vt 0.347257 0.954922
vt 0.347257 0.947185
vt 0.355372 0.947464
vt 0.355372 0.952911
vt 0.347257 0.938417
vt 0.355730 0.939058
vt 0.361959 0.940821
vt 0.359757 0.948705
vt 0.014702 0.985298
vt 0.014702 0.993772
vt 0.006587 0.993413
vt 0.006228 0.985298
vt 0.014702 1.000000
vt 0.006587 0.997798
vt 0.209256 0.016505
vt 0.200783 0.015863
vt 0.201141 0.007457
vt 0.209256 0.007736
vt 0.194554 0.014101
vt 0.196756 0.006216
vt 0.082576 0.014702
vt 0.082576 0.006228
vt 0.090690 0.006587
vt 0.091049 0.014702
vt 0.082576 0.000000
vt 0.090690 0.002202
vt 0.376660 0.170695
vt 0.376660 0.178180
vt 0.368546 0.177213
vt 0.368187 0.170053
vt 0.209256 0.000000
vt 0.201141 0.002011
vt 0.347257 0.007485
vt 0.347257 0.000000
vt 0.355372 0.000967
vt 0.355730 0.008127
vt 0.376660 0.089090
vt 0.376660 0.096826
vt 0.368546 0.096547
vt 0.368546 0.091101
vt 0.376660 0.105595
vt 0.368187 0.104953
vt 0.361959 0.103191
vt 0.364161 0.095306
vt 0.014702 0.014702
vt 0.006229 0.014702
vt 0.006587 0.006587
vt 0.014702 0.006228
vt 0.000000 0.014702
vt 0.002202 0.006587
vt 0.263555 0.947436
vt 0.272028 0.946795
vt 0.271669 0.953955
vt 0.263555 0.954922
vt 0.194554 0.014702
vt 0.188326 0.014702
vt 0.187967 0.006587
vt 0.192352 0.006587
vt 0.179853 0.014702
vt 0.179853 0.006228
vt 0.361959 0.074989
vt 0.368187 0.073227
vt 0.368546 0.081633
vt 0.364161 0.082874
vt 0.376660 0.072586
vt 0.376660 0.081354
vt 0.368546 0.087080
vt 0.292958 0.938417
vt 0.292958 0.947185
vt 0.284843 0.947464
vt 0.284485 0.939058
vt 0.292958 0.954922
vt 0.284843 0.952911
vt 0.376660 0.007485
vt 0.368187 0.008127
vt 0.368546 0.000967
vt 0.376660 0.000000
vt 0.111979 0.000000
vt 0.111979 0.006228
vt 0.103864 0.006587
vt 0.103864 0.002202
vt 0.111979 0.014702
vt 0.103506 0.014702
vt 0.278256 0.940821
vt 0.280458 0.948705
vt 0.263555 0.016505
vt 0.263555 0.007736
vt 0.271669 0.007457
vt 0.272028 0.015863
vt 0.263555 0.000000
vt 0.271669 0.002011
vt 0.430959 0.170695
vt 0.439432 0.170053
vt 0.439074 0.177213
vt 0.430959 0.178180
vt 0.179853 1.000000
vt 0.179853 0.993772
vt 0.187967 0.993413
vt 0.187967 0.997798
vt 0.179853 0.985298
vt 0.188326 0.985298
vt 0.278256 0.014101
vt 0.276054 0.006216
vt 0.292958 0.007485
vt 0.284485 0.008127
vt 0.284844 0.000967
vt 0.292958 0.000000
vt 0.097277 0.985298
vt 0.103506 0.985298
vt 0.103864 0.993413
vt 0.099479 0.993413
vt 0.111979 0.985298
vt 0.111979 0.993772
vt 0.445661 0.103191
vt 0.439432 0.104953
vt 0.439074 0.096547
vt 0.443459 0.095306
vt 0.430959 0.105595
vt 0.430959 0.096826
vt 0.439074 0.091101
vt 0.097277 0.014702
vt 0.082575 1.000000
vt -0.000000 0.985298
vt 0.014702 0.000000
vt 0.111979 1.000000
vt 0.194554 0.985298
vt 0.097277 0.014702
vt 0.179853 0.000000
s 0
usemtl Light_Stained_Pine
f 1825/2864/1863 1828/2865/1863 1830/2866/1863 1829/2867/1863
f 1828/2868/1864 1832/2869/1864 1833/2870/1864 1830/2871/1864
f 1826/2872/1865 1831/2873/1865 1833/2870/1865 1832/2869/1865
f 1831/2873/1866 1835/2874/1866 1836/2875/1866 1833/2870/1866
f 1827/2876/1867 1834/2877/1867 1836/2878/1867 1835/2879/1867
f 1834/2877/1868 1829/2880/1868 1830/2881/1868 1836/2878/1868
f 1830/2871/1869 1833/2870/1869 1836/2875/1869
f 1837/2882/1870 1840/2883/1870 1842/2884/1870 1841/2885/1870
f 1840/2886/1871 1844/2887/1871 1845/2888/1871 1842/2889/1871
f 1838/2890/1872 1843/2891/1872 1845/2888/1872 1844/2887/1872
f 1843/2891/1873 1847/2892/1873 1848/2893/1873 1845/2888/1873
f 1839/2894/1874 1846/2895/1874 1848/2896/1874 1847/2897/1874
f 1846/2895/1875 1841/2898/1875 1842/2899/1875 1848/2896/1875
f 1842/2889/1876 1845/2888/1876 1848/2893/1876
f 1849/2900/1877 1852/2901/1877 1854/2902/1877 1853/2903/1877
f 1852/2901/1878 1856/2904/1878 1857/2905/1878 1854/2902/1878
f 1850/2906/1879 1855/2907/1879 1857/2908/1879 1856/2909/1879
f 1855/2907/1880 1859/2910/1880 1860/2911/1880 1857/2908/1880
f 1851/2912/1881 1858/2913/1881 1860/2914/1881 1859/2915/1881
f 1858/2916/1882 1853/2903/1882 1854/2902/1882 1860/2917/1882
f 1854/2902/1883 1857/2905/1883 1860/2917/1883
f 1861/2918/1884 1864/2919/1884 1866/2920/1884 1865/2921/1884
f 1864/2922/1885 1868/2923/1885 1869/2924/1885 1866/2925/1885
f 1862/2926/1886 1867/2927/1886 1869/2924/1886 1868/2923/1886
f 1867/2927/1887 1871/2928/1887 1872/2929/1887 1869/2924/1887
f 1863/2930/1888 1870/2931/1888 1872/2932/1888 1871/2933/1888
f 1870/2931/1889 1865/2934/1889 1866/2935/1889 1872/2932/1889
f 1866/2925/1890 1869/2924/1890 1872/2929/1890
f 1873/2936/1891 1876/2937/1891 1878/2938/1891 1877/2939/1891
f 1876/2940/1892 1880/2941/1892 1881/2942/1892 1878/2943/1892
f 1874/2944/1893 1879/2945/1893 1881/2942/1893 1880/2941/1893
f 1879/2946/1894 1883/2947/1894 1884/2948/1894 1881/2949/1894
f 1875/2950/1895 1882/2951/1895 1884/2948/1895 1883/2947/1895
f 1882/2951/1896 1877/2922/1896 1878/2952/1896 1884/2948/1896
f 1878/2952/1897 1881/2949/1897 1884/2948/1897
f 1885/2953/1898 1888/2954/1898 1890/2955/1898 1889/2956/1898
f 1888/2954/1899 1892/2957/1899 1893/2958/1899 1890/2955/1899
f 1886/2959/1900 1891/2960/1900 1893/2961/1900 1892/2962/1900
f 1891/2963/1901 1895/2964/1901 1896/2965/1901 1893/2966/1901
f 1887/2967/1902 1894/2968/1902 1896/2965/1902 1895/2964/1902
f 1894/2969/1903 1889/2956/1903 1890/2955/1903 1896/2970/1903
f 1890/2955/1904 1893/2958/1904 1896/2970/1904
f 1897/2971/1905 1900/2972/1905 1902/2973/1905 1901/2974/1905
f 1900/2972/1906 1904/2975/1906 1905/2976/1906 1902/2973/1906
f 1898/2977/1907 1903/2978/1907 1905/2979/1907 1904/2980/1907
f 1903/2981/1908 1907/2982/1908 1908/2983/1908 1905/2984/1908
f 1899/2985/1909 1906/2986/1909 1908/2983/1909 1907/2982/1909
f 1906/2987/1910 1901/2974/1910 1902/2973/1910 1908/2988/1910
f 1902/2973/1911 1905/2976/1911 1908/2988/1911
f 1909/2989/1912 1912/2990/1912 1914/2991/1912 1913/2992/1912
f 1912/2993/1913 1916/2994/1913 1917/2995/1913 1914/2996/1913
f 1910/2997/1914 1915/2998/1914 1917/2995/1914 1916/2994/1914
f 1915/2999/1915 1919/3000/1915 1920/3001/1915 1917/3002/1915
f 1911/3003/1916 1918/3004/1916 1920/3001/1916 1919/3000/1916
f 1918/3004/1917 1913/2868/1917 1914/3005/1917 1920/3001/1917
f 1914/3005/1918 1917/3002/1918 1920/3001/1918
f 1849/2900/1919 1825/2864/1919 1829/2867/1919 1852/2901/1919
f 1852/3006/1920 1829/2880/1920 1834/2877/1920 1856/2909/1920
f 1856/2909/1921 1834/2877/1921 1827/2876/1921 1850/2906/1921
f 1826/2872/1922 1837/2882/1922 1841/2885/1922 1831/2873/1922
f 1831/3007/1923 1841/2898/1923 1846/2895/1923 1835/2879/1923
f 1835/2879/1924 1846/2895/1924 1839/2894/1924 1827/2876/1924
f 1838/2890/1925 1861/2918/1925 1865/2921/1925 1843/2891/1925
f 1843/3008/1926 1865/2934/1926 1870/2931/1926 1847/2897/1926
f 1847/2897/1927 1870/2931/1927 1863/2930/1927 1839/2894/1927
f 1862/2926/1928 1851/2912/1928 1859/2915/1928 1867/2927/1928
f 1867/3009/1929 1859/2910/1929 1855/2907/1929 1871/2933/1929
f 1871/2933/1930 1855/2907/1930 1850/2906/1930 1863/2930/1930
f 1897/2971/1931 1849/2900/1931 1853/2903/1931 1900/2972/1931
f 1900/2972/1932 1853/2903/1932 1858/2916/1932 1904/2975/1932
f 1904/2980/1933 1858/2913/1933 1851/2912/1933 1898/2977/1933
f 1861/2918/1934 1909/2989/1934 1913/2992/1934 1864/2919/1934
f 1864/2922/1935 1913/2868/1935 1918/3004/1935 1868/2923/1935
f 1868/2923/1936 1918/3004/1936 1911/3003/1936 1862/2926/1936
f 1910/2997/1937 1899/2985/1937 1907/2982/1937 1915/2998/1937
f 1915/2998/1938 1907/2982/1938 1903/2981/1938 1919/3010/1938
f 1919/3000/1939 1903/2978/1939 1898/2977/1939 1911/3003/1939
f 1873/2936/1940 1897/2971/1940 1901/2974/1940 1876/2937/1940
f 1876/2940/1941 1901/3011/1941 1906/2986/1941 1880/2941/1941
f 1880/2941/1942 1906/2986/1942 1899/2985/1942 1874/2944/1942
f 1909/2989/1943 1885/2953/1943 1889/2956/1943 1912/2990/1943
f 1912/2993/1944 1889/3012/1944 1894/2968/1944 1916/2994/1944
f 1916/2994/1945 1894/2968/1945 1887/2967/1945 1910/2997/1945
f 1886/2959/1946 1875/2950/1946 1883/2947/1946 1891/2960/1946
f 1891/2963/1947 1883/3013/1947 1879/2945/1947 1895/2964/1947
f 1895/2964/1948 1879/2945/1948 1874/2944/1948 1887/2967/1948
f 1825/2864/1949 1873/2936/1949 1877/2939/1949 1828/2865/1949
f 1828/2868/1950 1877/2922/1950 1882/2951/1950 1832/2869/1950
f 1832/2869/1951 1882/2951/1951 1875/2950/1951 1826/2872/1951
f 1885/2953/1952 1838/2890/1952 1844/2887/1952 1888/2954/1952
f 1888/2954/1953 1844/2887/1953 1840/2886/1953 1892/2957/1953
f 1892/2962/1954 1840/2883/1954 1837/2882/1954 1886/2959/1954
f 1849/2900/1955 1897/2971/1955 1873/2936/1955 1825/2864/1955
f 1827/2876/1956 1839/2894/1956 1863/2930/1956 1850/2906/1956
f 1875/2950/1957 1886/2959/1957 1837/2882/1957 1826/2872/1957
f 1909/2989/1958 1861/2918/1958 1838/2890/1958 1885/2953/1958
f 1851/2912/1959 1862/2926/1959 1911/3003/1959 1898/2977/1959
f 1899/2985/1960 1910/2997/1960 1887/2967/1960 1874/2944/1960
